Øvelsesnummer,URL på hjemmeside,URL på youtube
Kort intro,,https://youtu.be/X-sIpkffZ_0
Lang intro,,https://youtu.be/sztUCBT3jc8
Figur 1.13,,https://youtu.be/kRtGn_l18YY
,,
11. Tæmninger,,https://youtu.be/DmN1n-yoXao
11. Indersideafleveringer,,https://youtu.be/z1SUUC86OqY
11. Halvliggende vristspark,,https://youtu.be/O53KROe_jM8
11. Finter,,https://youtu.be/LiOTyz1dkns
11.A3,,https://youtu.be/LHYXIvFv_2I
11.A7,,https://youtu.be/yY7rsSjRz6E
11.A9,,https://youtu.be/BujqHc4pGdE
11.A10,,https://youtu.be/9ByMeUUfCbQ
11.A11,,https://youtu.be/xU89GasCzhw
11.A12,,https://youtu.be/THVQKtaqiE8
11.A13,,https://youtu.be/a-eSCdM8Lzg
11.A14,,https://youtu.be/NJwsUK5MNhQ
11.A15,,https://youtu.be/Ur9nBDO0o50
11.A16,,https://youtu.be/eN6Q4wrszog
11.A17,,https://youtu.be/X5FM1z4XPWM
11.B1,,https://youtu.be/hVFKEqD8V9w
11.B2,,https://youtu.be/sjN_hTN6NMI
11.B5,,https://youtu.be/Bv3oFEdDprI
11.B7,,https://youtu.be/U85cUCkIDkc
11.B8,,https://youtu.be/d9xBmAVjRug
11.B9,,https://youtu.be/oxgRL6Sa5oo
11.B11,,https://youtu.be/gRMXYA0EoRM
11.C4,,https://youtu.be/y_ggaxuwzZ4
11.C5,,https://youtu.be/jU-OMnWX5i8
11.C6,,https://youtu.be/2-ELleaR6_s
11.C7,,https://youtu.be/5LvjxyBlU3c
11.C12,,https://youtu.be/89oms0sWR1A
11.D4,,https://youtu.be/KVhaJ_eThbU
,,
12. Driblinger,,https://youtu.be/3H8CknOsiKI
12. Afleveringer,,https://youtu.be/Fg2cp3bBMNo
12. Skud,,https://youtu.be/x9DG8OJcpBk
12. Lay up,,https://youtu.be/lnUmijG3dX0
12.A9,,https://youtu.be/_koMKTvYEYU
12.B2,,https://youtu.be/50xBQRNKC3k
12.B4,,https://youtu.be/DQAYV7xzh4I
12.B5,,https://youtu.be/xAJ_GDZa5S4
12.B10,,https://youtu.be/Wb1ai4wwvF0
12.C1,,https://youtu.be/v0yRbxRyOF0
12.C2,,https://youtu.be/DDyjj7ZMeWs
12.C3,,https://youtu.be/quPZpD3BjEk
12.C4,,https://youtu.be/GT9mIBiK5pE
12.C5,,https://youtu.be/o-zXwvTU6Jw
12.C6,,https://youtu.be/bid4s5eTJ5Y
12.D8,,https://youtu.be/5L3x_pcQkzs
,,
13. Baggerslag,,https://youtu.be/ak487gBu62A
13. Fingerslag,,https://youtu.be/jQtRvln84GQ
13. Smash,,https://youtu.be/TJb5yn4Gpz4
13. Underhåndsserv,,https://youtu.be/8cBMV-y1REo
13. Overhåndsserv,,https://youtu.be/sg7pOfbPY5E
13. Blokade,,https://youtu.be/S8UQ1FvUtiA
13.A2,,https://youtu.be/z94S_kaILDM
13.A9,,https://youtu.be/x7t4VymVMB4
13.B5,,https://youtu.be/a14wLc6s96Q
13.B6,,https://youtu.be/FK2nrinoOoc
13.B7,,https://youtu.be/M3AXhsl-PBE
13.B8,,https://youtu.be/oQVW65dwplo
13.B9,,https://youtu.be/UX4nfjw2q14
13.B10,,https://youtu.be/borZ2p_0vF4
13.B12,,https://youtu.be/kD79Jv_NvZA
13.B14,,https://youtu.be/PkPCH_Pydkc
13.B15,,https://youtu.be/Bvfv7YLmVDY
13.C1,,https://youtu.be/mAna47YqZpI
13.C3,,https://youtu.be/STDyZaj8kHw
13.C9,,https://youtu.be/4h1B89YjUsg
13.C10,,https://youtu.be/7RUgHj-qukc
13.C11,,https://youtu.be/kUXcCTi7UlY
13.D1,,https://youtu.be/oAd2LH5lX1E
13.D5,,https://youtu.be/pYZ_iwcJ36o
,,
14. Greb,,https://youtu.be/jyTpH-9sXgA
14. Aflevering/trækskud,,https://youtu.be/u7DQANt_TYc
14. Dribling,,https://youtu.be/VNQvGdwYdss
14. Håndledsskud,,https://youtu.be/T52AMpbQIoI
14.B2,,https://youtu.be/1pQtk6yLic8
14.B3,,https://youtu.be/iRvs1n-upuM
14.B6,,https://youtu.be/DCwBuDIiUfc
14.B11,,https://youtu.be/J6tDNAasMzA
14.C6,,https://youtu.be/qwZAaZdjfs0
14.C7,,https://youtu.be/MSJq7V_YmRI
14.C9,,https://youtu.be/NV7hkryxB-E
14.C10,,https://youtu.be/6n1Tgjx4BmI
14.C11,,https://youtu.be/R-WjnxzIOwM
14.C12,,https://youtu.be/VfPwmy9b-O8
14.C13,,https://youtu.be/S1ii0sh-9HQ
14.D9,,https://youtu.be/gIe6My3Jxho
,,
15. Baghånd,,https://youtu.be/xKLCJQ6FoxA
15. Forhånd,,https://youtu.be/QMPnhCHktug
15. Hammerkast,,https://youtu.be/eMakbkWhluk
15. Gribe,,https://youtu.be/Y0liaKerkUk
15.A9,,https://youtu.be/f9Qsb9G8VN0
15.B16,,https://youtu.be/SpFYXes60rc
15.C1,,https://youtu.be/sq2rVSt4qNc
15.C4,,https://youtu.be/uaK0C4Q90q0
15.C6,,https://youtu.be/acgBL3QPB-s
,,
16. Kaste,,https://youtu.be/TJm2fLEeh2M
16. Gribe,,https://youtu.be/JvV-xsNuhGw
16. Out & in,,https://youtu.be/CHAcrlxIGKg
16. Hook & fly,,https://youtu.be/k4DLAopSQmw
16. Comeback & post,,https://youtu.be/4nn9xh_qFg0
16. Handoff,,https://youtu.be/nU-jzpIdFTI
16. Snap,,https://youtu.be/2-GxZl61Zhw
16.A3,,https://youtu.be/mOmjXrtrjvk
16.B1,,https://youtu.be/ljKrWB_h01s
16.B2,,https://youtu.be/ZqOt3xodH1c
16.B3,,https://youtu.be/O7UYkv5uE-o
16.B4,,https://youtu.be/nGu2QXpJT9I
16.B5,,https://youtu.be/Ns2-mrBK0jw
16.B6,,https://youtu.be/4eYmIf-RugE
16.C2,,https://youtu.be/JxrdpgM_39c
16.C3,,https://youtu.be/DFvH6WVuCoU
16.C4,,https://youtu.be/bKbIt_GDuF0
16.C5,,https://youtu.be/nsa8xcp1TI4
,,
22. Teknik 3,,https://youtu.be/KIiFFeyD9Nw
22. Teknik 4,,https://youtu.be/ELlYC0iwx1U
22. Teknik 5,,https://youtu.be/kcbgWajub5Y
22. Teknik 6,,https://youtu.be/x0EY1Pqf9TE
22.A3,,https://youtu.be/YtTIp9Usl_E
22.B1,,https://youtu.be/ilT8FSjMB0g
22.B2,,https://youtu.be/aQrb69lLCT4
22.B4,,https://youtu.be/ogDbgeaViDw
22.B5,,https://youtu.be/fLP6qi8zM_I
22. Teknik 7,,https://youtu.be/Q88LmqJdP4w
22. Teknik 8,,https://youtu.be/RjjGJSjcbE0
22. Teknik 9,,https://youtu.be/i3PKAxrjGPE
22. Teknik 10,,https://youtu.be/3B6WQdJZrUk
22. Teknik 11,,https://youtu.be/opCOPfn5DSc
22. Teknik 12,,https://youtu.be/VCS_yLhLsQ0
22.C1,,https://youtu.be/fagsUhgAwzE
22.C2,,https://youtu.be/HsxnTdSG5IA
22.C3,,https://youtu.be/PeOLLPJx2v4
22.C4,,https://youtu.be/0KCd6yn4Bzw
22.C5,,https://youtu.be/MW572JQeaA0
22. Teknik 13,,https://youtu.be/d20RwIgqf8M
22. Teknik 14,,https://youtu.be/Ay36Js0YQwU
22. Teknik 15,,https://youtu.be/DglQMS1nses
22. Teknik 16,,https://youtu.be/NfouGRVRMJM
22. Teknik 17,,https://youtu.be/0uIKWi_AthQ
22. Teknik 18,,https://youtu.be/9xy-8O_2SkY
22.D1,,https://youtu.be/rTUbC1kxZHc
22.D2,,https://youtu.be/grYGJxFAyv4
22.D3,,https://youtu.be/lmJF0S9Cct8
22.D4,,https://youtu.be/MvzNgriWln0
22.D5,,https://youtu.be/K85sgEfylH8
22.D6,,https://youtu.be/7e6hLBSgK1A
22.E5,,https://youtu.be/bE62XRMDNrE
22.E6,,https://youtu.be/t5IvLWG8D38
22.E7,,https://youtu.be/k_9A0xzNBio
22.E8,,https://youtu.be/eIgg6wxjzZI
22.E9,,https://youtu.be/RNMe4OKTuOE
22.E10,,https://youtu.be/59HmqWBuVew
22.E11,,https://youtu.be/lM9XHUiy4ZY
,,
Figur 23.3,,https://youtu.be/KtT4rCUA9ys
Figur 23.5,,https://youtu.be/E8i8BJ_UiCc
Figur 23.6,,https://youtu.be/NhLGUb9O41Y
23.A1,,https://youtu.be/dzmZ9rzjSt8
23.A2,,https://youtu.be/FU4wLD5nc3o
23.A3,,https://youtu.be/y18u2UImeZU
23.A5,,https://youtu.be/imxwJ7jozJ0
23.A6,,https://youtu.be/O8vxCmrs7E8
23.C1,,https://youtu.be/UVTJg8tVpbc
23.C2,,https://youtu.be/dVNZZEHEZ2A
23.C3,,https://youtu.be/5Ag1T9MAwCg
23.C4,,https://youtu.be/SSoK2bPqsrY
23.C5,,https://youtu.be/2smZ0fVPsJk
23.C6,,https://youtu.be/CI2S1MXxuTw
23.D1,,https://youtu.be/zaD-uIg6lCo
23.D2,,https://youtu.be/pXEQypWJmo8
23.D3,,https://youtu.be/aNYdsLHEOz8
23.E1,,https://youtu.be/pEMXdVBUgtE
23.E2,,https://youtu.be/QYCKlwyG8Oo
23.E3,,https://youtu.be/Tnjbqv4Suos
23.E4,,https://youtu.be/bO1y0KN2ZUk
23.F1,,https://youtu.be/OXlKffevoSI
23.F2,,https://youtu.be/7mSgAyC1M1A
23.F3,,https://youtu.be/8yPu0e76OwE
23.F4,,https://youtu.be/VRnAK_dkZ3E
23.F5,,https://youtu.be/HuyMK68WSMc
23.F6,,https://youtu.be/XlODfnE82K4
23.G1,,https://youtu.be/PRn6QAvyxpk
23.G2,,https://youtu.be/s2_vt6_orUM
23.G3,,https://youtu.be/a_902FF6A68
,,
24.A9,,https://youtu.be/bmT--iOfpOc
24.A17,,https://youtu.be/ofhhD6TU0LM
24.A18,,https://youtu.be/BiiotxRlBz4
24.A19,,https://youtu.be/D2-wmGYbWhA
24.A20,,https://youtu.be/zQX2a69aeV4
24.A21,,https://youtu.be/A2jDiBzDlsA
24.A22,,https://youtu.be/8XB-JHKWarA
23.B8,,https://youtu.be/YuQgw9fWLSs
24.B10,,https://youtu.be/RzhN59dPKsY
24.B14,,https://youtu.be/XFUYOTEVGXc
24.C3,,https://youtu.be/qN6g4h8eX2I
24.C4,,https://youtu.be/a2WjZ2riZvw
24.C5,,https://youtu.be/FcpLd7FVPvc
24.C6,,https://youtu.be/STCDBqGzhuQ
24.C9,,https://youtu.be/32bvXsMniDs
24.C10,,https://youtu.be/ip3BGugY4ls
24.D1,,https://youtu.be/dRxrs83wxdM
24.D2,,https://youtu.be/DLFnA-ElhnA
,,
25.A1,,https://youtu.be/Q_bdO_TGZZs
25.A2,,https://youtu.be/BkB8yNcHAik
25.A3,,https://youtu.be/qC9z2zUMv74
25.A4,,https://youtu.be/nXdj8Y9wMKE
25.A5,,https://youtu.be/1Wc-h8EmIS8
25.A6,,https://youtu.be/C99i4ziYKTY
25.A7,,https://youtu.be/mM7wcR_xOgA
25.A8,,https://youtu.be/sOXFCoxkjlA
25.A9,,https://youtu.be/uqeFNYNEOaw
25.A10,,https://youtu.be/2_qx9PQvQIc
25.A11,,https://youtu.be/kTIlrTPTgSY
25.A12,,https://youtu.be/TCKPzEChtlE
25.A13,,https://youtu.be/L6pFw4sgw6E
25.A14,,https://youtu.be/1L4i19z_SXY
25.B1,,https://youtu.be/aw8j4l_P5ho
25.B2,,https://youtu.be/NIB1xTp5XbU
25.B3,,https://youtu.be/3ens2Hsq_v8
25.B4,,https://youtu.be/SNs7dUGBxE8
25.B5,,https://youtu.be/9zGdOcq5xgA
25.C1,,https://youtu.be/iHPcmhShGf0
25.C2,,https://youtu.be/TXrFMP4DZP0
25.C3,,https://youtu.be/FZVD2alZUF8
25.C4,,https://youtu.be/Nu2Pfgwxa6k
25.C5,,https://youtu.be/WLNsdgY541k
25.C6,,https://youtu.be/iEPtRo1o3bE
25.C7,,https://youtu.be/l_HxuddZGrY
25.C8,,https://youtu.be/KOpT04EjNlY
,,
25. Balance,,https://youtu.be/_YO_EVj-y_8
26. Jumps,,https://youtu.be/Au2v9s4aoBg
26. Rails,,https://youtu.be/UfskN5uTiYA
26. Vaults,,https://youtu.be/3xVQqx6lwVs
26.B2,,https://youtu.be/qKZQ2kwPcQk
26.B3,,https://youtu.be/SjN3VF-5rM0
26.B4,,https://youtu.be/s9ShfV6z8-w
26.B5,,https://youtu.be/l5grLJuovM4
26.B6,,https://youtu.be/lg2PrPSEdB8
26.B7,,https://youtu.be/JCtkQ1wqx_k
26.B8,,https://youtu.be/S0ucTlvJPS0
26.B9,,https://youtu.be/CRG6NCsWoZQ
26.B10,,https://youtu.be/cNBG7vXfdOE
26.B11,,https://youtu.be/XR97mYDTCaA
26.B12,,https://youtu.be/Sg35wRBrWxg
26.C1,,https://youtu.be/SwTkQZf6JaY
26.C2,,https://youtu.be/m6h6J2dcRJQ
26.C3,,https://youtu.be/qQwuML08lVE
26.C4,,https://youtu.be/pB2nyQ6yJtY
26.C5,,https://youtu.be/Nrt2Le7QkK0
26.C6,,https://youtu.be/b8FFulDaTow
26.C7,,https://youtu.be/ybYI2YtWCaI
26.D1,,https://youtu.be/Y4kXi_bux3k
26.D2,,https://youtu.be/WRcUgQ8SYBc
26.D3,,https://youtu.be/GGky-frFFFM
26.D4,,https://youtu.be/qi1f1qZXd-0
26.D5,,https://youtu.be/ZxXRkPxL6UA
26.D6,,https://youtu.be/TrgslUzJCSE
26.D7,,https://youtu.be/AN9LQAQwZ9U
26.D8,,https://youtu.be/H25ytUKRpO4
,,
27.A1,,https://youtu.be/CklOpCVFqbA
27.A2,,https://youtu.be/RQJ9Q85ZnVM
27.A3,,https://youtu.be/l3s8XxwaTq4
27.A4,,https://youtu.be/wpcLK0Jfc04
27.A5,,https://youtu.be/SOlxNZzyLyg
27.A6,,https://youtu.be/UfkiT8TpylA
27.A7,,https://youtu.be/lvsjUXzswxI
27.A8,,https://youtu.be/iOanSUWZFlk
27.A11,,https://youtu.be/PAicMb3AlrM
27.B1,,https://youtu.be/fmO_AI2q2jU
27.B2,,https://youtu.be/_yib8kmnBA4
27.B3,,https://youtu.be/A7ARty_ncOM
27.B4,,https://youtu.be/VfwB4aw9cmg
27.B5,,https://youtu.be/0VLcOajlGIk
27.B6,,https://youtu.be/RsK5Cz7E2p0
27.C1,,https://youtu.be/LaY3lKWwWNo
27.C2,,https://youtu.be/d175T7rFL-U
27.C3,,https://youtu.be/9s4l5dTCKCw
27.C4,,https://youtu.be/1Evk0nj_bHU
27.C5,,https://youtu.be/pnSn2zWwZWg
27.C6,,https://youtu.be/tgJpzFdlMNI
27.C7,,https://youtu.be/R8lgbNojcSc
27.C8,,https://youtu.be/ifIb-Mf-Wbc
27.C9,,https://youtu.be/jESL_yHfYwE
27.C10,,https://youtu.be/0DP4_c2Hj6c
27.C11,,https://youtu.be/AZc8TAyXjwE
27.C12,,https://youtu.be/ZstPDVkFLi4
27.C13,,https://youtu.be/FSSTRmCDlrk
27.C14,,https://youtu.be/Zd54fB47PE0
27.C15,,https://youtu.be/vuZ4WMW0uRg
27.C16,,https://youtu.be/xVrzBb_oYYI
27.C17,,https://youtu.be/Y0-s7BaKCiA
27.C18,,https://youtu.be/rd4IuyyKTAo
27.C19,,https://youtu.be/NiVAwm534xY
27.C21,,https://youtu.be/wHRK3Gllid0
27.D1,,https://youtu.be/2mWwnLorwWI
27.D2,,https://youtu.be/EBQRyLfF8Xc
27.D3,,https://youtu.be/570oqKJRja0
27.D4,,https://youtu.be/KGMtuaWtIa0
27.D5,,https://youtu.be/S8lwx2T9zaA
27.D6,,https://youtu.be/2LXYGCYT7GA
27.D7,,https://youtu.be/tNQd7KXCfZ4
27.D8,,https://youtu.be/mwo5eIaerCI
27.D9,,https://youtu.be/IcU0ZUWFWnA
27.D10,,https://youtu.be/owA2f_Pihqw
27.D11,,https://youtu.be/wWSv2CcGaNc
27.D12,,https://youtu.be/AbuzB4ozo2s
27.D13,,https://youtu.be/GKrzA09ynSc
27.D14,,https://youtu.be/SgSkvfiXqzw
27.D15,,https://youtu.be/b5o_ryTgmrY
27.D16,,https://youtu.be/RN5N4Nq7yso
27.D17,,https://youtu.be/7ngJmXH_rik
27.D18,,https://youtu.be/JJm0MZILR4Y
27.D19,,https://youtu.be/8RD5oefPGEM
27.D20,,https://youtu.be/we5qVMp7pSM
27.D21,,https://youtu.be/LWu0TP3YFlU
,,
28. Bænkpres,,https://youtu.be/b5-rV8sPb-w
28. Squat,,https://youtu.be/mjOhSewlC9Y
28. Dødløft,,https://youtu.be/DKz4d2T5Ios
28. Snatch,,https://youtu.be/SIPgGyoGwWA
28. Clean and jerk,,https://youtu.be/JgsgacSwnF4
28.A1,,https://youtu.be/viSKLQUnqP4
28.A2,,https://youtu.be/CFiBDjEax3M
28.A3,,https://youtu.be/TIxh4Egfxoo
28.A4,,https://youtu.be/MS3Am14Y4Wg
28.A5,,https://youtu.be/GxdzoyfdhBw
28.A6,,https://youtu.be/CaBNPrYMSZ8
28.A7,,https://youtu.be/PjWIQkPnkr4
28.A8,,https://youtu.be/kzTHJQGtWTY
28.A9,,https://youtu.be/AidIiiQQo4U
28.A10,,https://youtu.be/74IgmnIjPxs
28.A11,,https://youtu.be/E2xde-k2-IQ
28.A12,,https://youtu.be/BPxAeoLz9ZI
28.A13,,https://youtu.be/wu6thNheOZI
28.A14,,https://youtu.be/_n-qYKtN0Hg
28.A15,,https://youtu.be/DoVmzpGZG7E
28.A16,,https://youtu.be/E-eVwcziEWg
28.A17,,https://youtu.be/ebvEi9Namas
28.A18,,https://youtu.be/2c5NXXAwE5s
28.B1,,https://youtu.be/ySmwD4LQ7GA
28.B2,,https://youtu.be/rcsxpskzPoI
28.B3,,https://youtu.be/iID9qoMOtxA
28.B4,,https://youtu.be/cD2JnGUWuzs
28.B5,,https://youtu.be/_5k6Rw4CkyY
28.B6,,https://youtu.be/YWUsJni79v8
28.B7,,https://youtu.be/bS75J3-R9OU
28.B8,,https://youtu.be/0KsIqtIybfA
28.B9,,https://youtu.be/u8gec6zQYJo
28.B10,,https://youtu.be/1TenJ6b2xRM
28.B11,,https://youtu.be/j-8Jy9GZoiU
28.C1,,https://youtu.be/4JVqoLXw0TI
28.C2,,https://youtu.be/5AaG6IWSLLQ
28.C3,,https://youtu.be/c2QwqCxYGHM
28.C4,,https://youtu.be/HzqvTyKoaEg
28.C5,,https://youtu.be/m6Wt3SM1Yrc
28.C6,,https://youtu.be/v8KdzwUnCQQ
28.C7,,https://youtu.be/EV0RlwNs3T4
28.C8,,https://youtu.be/BNLgrDlUNHo
28.C9,,https://youtu.be/Ckttrrsh4gQ
28.C10,,https://youtu.be/bjkx8MQvmfU
28.C11,,https://youtu.be/woF3HnEcnF8
28.C12,,https://youtu.be/gWYe3hScjFU
28.D1,,https://youtu.be/rUKSgoMz9mU
28.D2,,https://youtu.be/2xjxhvTq_EE
28.D3,,https://youtu.be/_EtWmz-RTTA
28.D4,,https://youtu.be/SM2NxZyYJos
28.D5,,https://youtu.be/IrRK-Paor6Y
28.D6,,https://youtu.be/g_71XljNQjQ
28.E1,,https://youtu.be/_lt4mPi1asU
28.E2,,https://youtu.be/OnP_wRV1wHQ
28.E3,,https://youtu.be/scY-4bc8kZ0
28.E4,,https://youtu.be/3ohRwEYjT0A
28.E5,,https://youtu.be/ycR9q4ryO5g
28.E6,,https://youtu.be/QHImd2BsMXY
28.E7,,https://youtu.be/38k1QesjoIk
28.E8,,https://youtu.be/zkr4kQfT7ow
28.E9,,https://youtu.be/lm-bj-4IWyE
28.E10,,https://youtu.be/2SL0TZJ3fig
28.E11,,https://youtu.be/cRPNXJfyihw
28.E12,,https://youtu.be/NeFQlJpXdBw
28.F1,,https://youtu.be/breur-Yu8RU
28.F2,,https://youtu.be/ibQVfSghjA4
28.F3,,https://youtu.be/fsHMQfLKHrs
28.F4,,https://youtu.be/ca9UDwSQJEI
28.F5,,https://youtu.be/IGFCdpv6CoY
28.F6,,https://youtu.be/4ZlquugN5JY
28.F7,,https://youtu.be/9NsKTeuEPkQ
28.F8,,https://youtu.be/WZxIKvcMECo
28.F9,,https://youtu.be/_gThflrbeQw
28.F10,,https://youtu.be/h6mPxy_KwNw
28.F11,,https://youtu.be/0VdSr26oiFI
28.F12,,https://youtu.be/D-puK8Nct8Q
28.F13,,https://youtu.be/RD8fKLcO31Q
28.F14,,https://youtu.be/nk3dPumG8zA
,,
29?,,
,,
Figur 30.3,,https://youtu.be/uzYg1jRu58s
30.A1,,https://youtu.be/NQ_VvJ7K-ao
30.A2,,https://youtu.be/WEwiUdNFvbE
30.A3,,https://youtu.be/SZMDtpKzlWs
30.A4,,https://youtu.be/SY504RNNONI
30.A5,,https://youtu.be/EGw58c5hjoY
30.A6,,https://youtu.be/dK1_-1XX7bw
30.B1,,https://youtu.be/0Fv3PelyLbQ
30.B2,,https://youtu.be/XP9MD2yxOkA
30.B3,,https://youtu.be/jEw93UsNX8Y
30.B4,,https://youtu.be/Y3urXR6CIc8
30.B5,,https://youtu.be/ho_n_HrWsd8
30.B6,,https://youtu.be/k-4pS-YEVjQ
30.C1,,https://youtu.be/TlD-JvJOYSk
30.C2,,https://youtu.be/EYFP7OmZlpA
30.D1,,https://youtu.be/0ezor5fsq_Q
30.D2,,https://youtu.be/zxFWTzoD6Tk
30.D3,,https://youtu.be/3Ot18cFxa3k
30.D4,,https://youtu.be/xIiYCfPnwPw
30.D5,,https://youtu.be/xkU65Gwy5mc
30.E1,,https://youtu.be/n-VstOzqEAU
30.E2,,https://youtu.be/mSbXtSSw_xQ
30.F1,,https://youtu.be/Kzpx5FnjQrM
30.F2,,https://youtu.be/2ZBY3RVmA3E
30.F3,,https://youtu.be/PGxCec7zEpw
30.F4,,https://youtu.be/rPQhKHAYJ2U
30.F5,,https://youtu.be/CKXziyYgApo
,,
31.A1,,https://youtu.be/vqbLYgCzzn8
31.A2,,https://youtu.be/6gKLUFpQnoI
31.A3,,https://youtu.be/u_MDv-4rWuw
31.A4,,https://youtu.be/eChL9XOQU0g
31.A5,,https://youtu.be/krMJCDY1OIA
31.B1,,https://youtu.be/lI7TkHU3Ozc
31.B2,,https://youtu.be/0MwhNlf0Aa8
31.B3,,https://youtu.be/vzgW0QIFIgw
,,
32.A1a,,https://youtu.be/M1TirmZOaVc
32.A1b,,https://youtu.be/oE0T_o_44RY
32.A2a,,https://youtu.be/vz0b6u7b9cA
32.A2b,,https://youtu.be/u21D9UXiTiA
32.A3,,https://youtu.be/j9euAHdxZk4
32.A4,,https://youtu.be/nZsMtAr3s7A
32.A5,,https://youtu.be/ak2z5rwX484
32.A6,,https://youtu.be/I-oC7kQIxSA
32.A7,,https://youtu.be/OphrBerDuzY
32.A8,,https://youtu.be/W7n-l-TQwAA
32.A9,,https://youtu.be/iHDOihOXssk
32.A10a,,https://youtu.be/XXshr3mJa6Y
32.A10b,,https://youtu.be/xNSnvAbQYiw
32.A11,,https://youtu.be/OfIRERJUO7A
32.B1,,https://youtu.be/TikGWeSrdjc
32.B2,,https://youtu.be/ahwD_OiG8Mk
32.B3a,,https://youtu.be/1kauZ1CsCL0
32.B3b,,https://youtu.be/QJUFOLNy3pM
32.B4,,https://youtu.be/5x06x8hoYPI
32.B5,,https://youtu.be/kvwZPbKyJjE
32.B6,,https://youtu.be/LRXJQtJUC3Y
32.B7,,https://youtu.be/7pwW911vdNc
32.B8,,https://youtu.be/z6cxIQq48og
32.B9a,,https://youtu.be/lLFFC_EGEyY
32.B9b,,https://youtu.be/qeUv4AWqbo8
32.B10,,https://youtu.be/-vTx2zI2RxQ
32.B11,,https://youtu.be/HOZUvR_hnhA
32.C1a,,https://youtu.be/6XSdShqeLZ8
32.C1b,,https://youtu.be/YNZxVGGp25Y
32.C2,,https://youtu.be/p6Jmw5nMDCE
32.C3,,https://youtu.be/AkfyApLnZOE
32.C4,,https://youtu.be/wCi89inseG4
32.C5,,https://youtu.be/gU-cdFburz0
32.C6,,https://youtu.be/StnHVdBBfAI
32.C7,,https://youtu.be/dygZ7o8ao5w
32.C8,,https://youtu.be/xBkGZi-wXZ0
32.C9,,https://youtu.be/PCi59llO7Us
32.C10,,https://youtu.be/oEguAjbgsuc
32.C11,,https://youtu.be/SUbPJxgqOKg
32.D1,,https://youtu.be/hHCoLYkqq6M
32.D2,,https://youtu.be/--gZfF0nnnw
32.D3,,https://youtu.be/NeLSxzp8J_s
32.D4,,https://youtu.be/P4eGD1L8YnI
32.D5,,https://youtu.be/wCX3SoZwHaw
32.D6,,https://youtu.be/dS6mhrlbNHs
32.D7,,https://youtu.be/ie1izor_FX4
32.D8,,https://youtu.be/jcJXOJ51Mtk
32.D9,,https://youtu.be/9aBNapW-vIs
32.D10,,https://youtu.be/NXrGyHrWwmo
32.D11,,https://youtu.be/oxkTujm05kw
,,
33.A1,,https://youtu.be/y_oMs8w5aWM
33.A2,,https://youtu.be/J7RynqvN7pE
33.A3,,https://youtu.be/xCttcmo3xrI
33.A4,,https://youtu.be/g3sCr0-rl0w
33.A5,,https://youtu.be/Lgm7Q0-SEnc
33.B1,,https://youtu.be/mv0ZPYq7yzM
33.B2,,https://youtu.be/cmyOkDWPdMA
33.C1,,https://youtu.be/1Atg5CTmye4
33.C2,,https://youtu.be/OP42h7rMYP8
33.C3,,https://youtu.be/zgctDVsveD4
33.C4,,https://youtu.be/vffBoM4c1S0
33.C5,,https://youtu.be/W45Yp87jEZk
33.D1,,https://youtu.be/ZMJxyy6kBOY
33.D2,,https://youtu.be/TkZZzcdUu5M
33.D3,,https://youtu.be/wxtS7ztmGqo
33.D4,,https://youtu.be/W1lTV2JMDs8
33.E1,,https://youtu.be/6YOotvsnztA
33.E2,,https://youtu.be/6YOotvsnztA
33.E3,,https://youtu.be/ilXM8rCufSg
,,
34.A1,,https://youtu.be/FvUnrm6W9bA
34.A2,,https://youtu.be/Id83s43YpTM
34.A3,,https://youtu.be/TqWkT7-A3YE
34.B1,,https://youtu.be/eHoQ_C7VIss
34.B2,,https://youtu.be/WBdgUOFho-w
34.B3,,https://youtu.be/TlGaeSPokJo
34.C1,,https://youtu.be/UKgjX2Ip6kY
34.C2,,https://youtu.be/WE1I_msO7GE
34.C3,,https://youtu.be/t6ifKHU14Vk
34.C4,,https://youtu.be/lXEFYnoOdC8
34.C5,,https://youtu.be/YnGdyFvzgrA
,,
35.B1,,https://youtu.be/W9MkH-c-NOI
35.B2,,https://youtu.be/aFRJ-iRNz-Y
35.B3,,https://youtu.be/6haDMe0c11g
35.B4,,https://youtu.be/BhpRh7_urs0
35.B5,,https://youtu.be/hrqCgD25u8s
35.B6,,https://youtu.be/CnOULixrA8Y
35.B7,,https://youtu.be/3xSXh97QAAM
35.B8,,https://youtu.be/Lgj6UTe3T7M
35.B9,,https://youtu.be/cfbtTpCTqMg
35.B10,,https://youtu.be/AQK2erh0cgQ
35.B11,,https://youtu.be/6SnMAv2i_mU
35.B12,,https://youtu.be/m1Yrt_rNn9g
35.B13,,https://youtu.be/j0lB0K87Lg0
,,
36.A1,,https://youtu.be/ZOz9pavhX2I
36.A2,,https://youtu.be/a_9gvA6FuHY
36.A3,,https://youtu.be/M3fzlI5UTeQ
36.A4,,https://youtu.be/4sLRmnx8l6M
36.A5,,https://youtu.be/Vgm2Ywibzu0
36.B1,,https://youtu.be/jTpQz89m3WY
36.B2,,https://youtu.be/g1pm8v60SW8
36.B3,,https://youtu.be/alJA1toq32U
36.B4,,https://youtu.be/Y5GY_VXdl2I
36.B5,,https://youtu.be/vbvRKgrmHLU
36.B6,,https://youtu.be/n1jpJfemd8c
36.B7,,https://youtu.be/_RNAF6rxe6M
36.B8,,https://youtu.be/jMVYZV1SGKA
36.B9,,https://youtu.be/S5Tx29aW1F8
36.B10,,https://youtu.be/M8yzU8bt02c
36.B11,,https://youtu.be/3r2Sim-B50w
36.C1,,https://youtu.be/U1bR85UW688
36.C2,,https://youtu.be/xqeAuXCIt1g
36.C3,,https://youtu.be/6CxYfqWBGn0
36.C4,,https://youtu.be/PFyP3eQQvDE
36.D1,,https://youtu.be/339C6PjpDKE
36.D2,,https://youtu.be/PBv_J8yQAp4