Øvelsesnummer,URL på youtube, URL på hjemmeside
Kort intro,https://youtu.be/X-sIpkffZ_0,http://yubio.dk/booklinks.html?id=Kort_intro
Lang intro,https://youtu.be/sztUCBT3jc8,http://yubio.dk/booklinks.html?id=Lang_intro
Figur 1.13,https://youtu.be/kRtGn_l18YY,http://yubio.dk/booklinks.html?id=Figur_1_13
Figur 7.4 (bip),http://yubio.dk/bip/index.html,http://yubio.dk/booklinks.html?id=Figur_7_4_(bip)
Figur 9.56,https://www.youtube.com/watch?v=dCVlRFWOjgE,http://yubio.dk/booklinks.html?id=Figur_9_56
Figur 9.57-1,https://www.youtube.com/watch?v=HoQ72lHYAg0,http://yubio.dk/booklinks.html?id=Figur_9_57-1
Figur 9.57-2,https://www.youtube.com/watch?v=dCVlRFWOjgE,http://yubio.dk/booklinks.html?id=Figur_9_57-2
Figur 9.57-3,https://www.youtube.com/watch?v=6J_A281XvZU,http://yubio.dk/booklinks.html?id=Figur_9_57-3
Figur 9.57-4,https://www.youtube.com/watch?v=Fsi6OoJH04Y,http://yubio.dk/booklinks.html?id=Figur_9_57-4
Figur 9.57-5,https://www.youtube.com/watch?v=LygeWbXvdIE,http://yubio.dk/booklinks.html?id=Figur_9_57-5
Figur 9.57-6,https://www.youtube.com/watch?v=4kr-oidwlQc,http://yubio.dk/booklinks.html?id=Figur_9_57-6
Figur 9.58,https://www.youtube.com/watch?v=C4GLhcbayn8,http://yubio.dk/booklinks.html?id=Figur_9_58
Figur 9.71,https://www.youtube.com/watch?v=GcAbJPDMBFg,http://yubio.dk/booklinks.html?id=Figur_9_71
Figur 9.73,https://www.youtube.com/watch?v=qFjke_ahBYY,http://yubio.dk/booklinks.html?id=Figur_9_73
11. Tæmninger,https://youtu.be/DmN1n-yoXao,http://yubio.dk/booklinks.html?id=11__Taemninger
11. Indersideafleveringer,https://youtu.be/z1SUUC86OqY,http://yubio.dk/booklinks.html?id=11__Indersideafleveringer
11. Halvliggende vristspark,https://youtu.be/O53KROe_jM8,http://yubio.dk/booklinks.html?id=11__Halvliggende_vristspark
11. Finter,https://youtu.be/LiOTyz1dkns,http://yubio.dk/booklinks.html?id=11__Finter
11.A3,https://youtu.be/LHYXIvFv_2I,http://yubio.dk/booklinks.html?id=11_A3
11.A7,https://youtu.be/yY7rsSjRz6E,http://yubio.dk/booklinks.html?id=11_A7
11.A9,https://youtu.be/BujqHc4pGdE,http://yubio.dk/booklinks.html?id=11_A9
11.A10,https://youtu.be/9ByMeUUfCbQ,http://yubio.dk/booklinks.html?id=11_A10
11.A11,https://youtu.be/xU89GasCzhw,http://yubio.dk/booklinks.html?id=11_A11
11.A12,https://youtu.be/THVQKtaqiE8,http://yubio.dk/booklinks.html?id=11_A12
11.A13,https://youtu.be/a-eSCdM8Lzg,http://yubio.dk/booklinks.html?id=11_A13
11.A14,https://youtu.be/NJwsUK5MNhQ,http://yubio.dk/booklinks.html?id=11_A14
11.A15,https://youtu.be/Ur9nBDO0o50,http://yubio.dk/booklinks.html?id=11_A15
11.A16,https://youtu.be/eN6Q4wrszog,http://yubio.dk/booklinks.html?id=11_A16
11.A17,https://youtu.be/X5FM1z4XPWM,http://yubio.dk/booklinks.html?id=11_A17
11.B1,https://youtu.be/hVFKEqD8V9w,http://yubio.dk/booklinks.html?id=11_B1
11.B2,https://youtu.be/sjN_hTN6NMI,http://yubio.dk/booklinks.html?id=11_B2
11.B5,https://youtu.be/Bv3oFEdDprI,http://yubio.dk/booklinks.html?id=11_B5
11.B7,https://youtu.be/U85cUCkIDkc,http://yubio.dk/booklinks.html?id=11_B7
11.B8,https://youtu.be/d9xBmAVjRug,http://yubio.dk/booklinks.html?id=11_B8
11.B9,https://youtu.be/tyaiiHaYUsw,http://yubio.dk/booklinks.html?id=11_B9
11.B11,https://youtu.be/gRMXYA0EoRM,http://yubio.dk/booklinks.html?id=11_B11
11.C4,https://youtu.be/y_ggaxuwzZ4,http://yubio.dk/booklinks.html?id=11_C4
11.C5,https://youtu.be/jU-OMnWX5i8,http://yubio.dk/booklinks.html?id=11_C5
11.C6,https://youtu.be/2-ELleaR6_s,http://yubio.dk/booklinks.html?id=11_C6
11.C7,https://youtu.be/5LvjxyBlU3c,http://yubio.dk/booklinks.html?id=11_C7
11.C12,https://youtu.be/89oms0sWR1A,http://yubio.dk/booklinks.html?id=11_C12
11.D4,https://youtu.be/KVhaJ_eThbU,http://yubio.dk/booklinks.html?id=11_D4
12. Driblinger,https://youtu.be/3H8CknOsiKI,http://yubio.dk/booklinks.html?id=12__Driblinger
12. Afleveringer,https://youtu.be/Fg2cp3bBMNo,http://yubio.dk/booklinks.html?id=12__Afleveringer
12. Skud,https://youtu.be/x9DG8OJcpBk,http://yubio.dk/booklinks.html?id=12__Skud
12. Lay up,https://youtu.be/lnUmijG3dX0,http://yubio.dk/booklinks.html?id=12__Lay_up
12.A9,https://youtu.be/_koMKTvYEYU,http://yubio.dk/booklinks.html?id=12_A9
12.B2,https://youtu.be/50xBQRNKC3k,http://yubio.dk/booklinks.html?id=12_B2
12.B4,https://youtu.be/DQAYV7xzh4I,http://yubio.dk/booklinks.html?id=12_B4
12.B5,https://youtu.be/xAJ_GDZa5S4,http://yubio.dk/booklinks.html?id=12_B5
12.B9,https://youtu.be/tyaiiHaYUsw,http://yubio.dk/booklinks.html?id=12_B9
12.B10,https://youtu.be/Wb1ai4wwvF0,http://yubio.dk/booklinks.html?id=12_B10
12.C1,https://youtu.be/v0yRbxRyOF0,http://yubio.dk/booklinks.html?id=12_C1
12.C2,https://youtu.be/DDyjj7ZMeWs,http://yubio.dk/booklinks.html?id=12_C2
12.C3,https://youtu.be/quPZpD3BjEk,http://yubio.dk/booklinks.html?id=12_C3
12.C4,https://youtu.be/GT9mIBiK5pE,http://yubio.dk/booklinks.html?id=12_C4
12.C5,https://youtu.be/o-zXwvTU6Jw,http://yubio.dk/booklinks.html?id=12_C5
12.C6,https://youtu.be/bid4s5eTJ5Y,http://yubio.dk/booklinks.html?id=12_C6
12.D8,https://youtu.be/5L3x_pcQkzs,http://yubio.dk/booklinks.html?id=12_D8
12.D9,https://youtu.be/-CMUDEcaeSw,http://yubio.dk/booklinks.html?id=12_D9
12.D10,https://youtu.be/7xs-f5mAwAo,http://yubio.dk/booklinks.html?id=12_D10
13. Baggerslag,https://youtu.be/ak487gBu62A,http://yubio.dk/booklinks.html?id=13__Baggerslag
13. Fingerslag,https://youtu.be/jQtRvln84GQ,http://yubio.dk/booklinks.html?id=13__Fingerslag
13. Smash,https://youtu.be/TJb5yn4Gpz4,http://yubio.dk/booklinks.html?id=13__Smash
13. Underhåndsserv,https://youtu.be/8cBMV-y1REo,http://yubio.dk/booklinks.html?id=13__Underhaandsserv
13. Overhåndsserv,https://youtu.be/sg7pOfbPY5E,http://yubio.dk/booklinks.html?id=13__Overhaandsserv
13. Blokade,https://youtu.be/S8UQ1FvUtiA,http://yubio.dk/booklinks.html?id=13__Blokade
13.A2,https://youtu.be/z94S_kaILDM,http://yubio.dk/booklinks.html?id=13_A2
13.A9,https://youtu.be/x7t4VymVMB4,http://yubio.dk/booklinks.html?id=13_A9
13.B5,https://youtu.be/a14wLc6s96Q,http://yubio.dk/booklinks.html?id=13_B5
13.B6,https://youtu.be/FK2nrinoOoc,http://yubio.dk/booklinks.html?id=13_B6
13.B7,https://youtu.be/M3AXhsl-PBE,http://yubio.dk/booklinks.html?id=13_B7
13.B8,https://youtu.be/oQVW65dwplo,http://yubio.dk/booklinks.html?id=13_B8
13.B9,https://youtu.be/UX4nfjw2q14,http://yubio.dk/booklinks.html?id=13_B9
13.B10,https://youtu.be/borZ2p_0vF4,http://yubio.dk/booklinks.html?id=13_B10
13.B12,https://youtu.be/kD79Jv_NvZA,http://yubio.dk/booklinks.html?id=13_B12
13.B14,https://youtu.be/PkPCH_Pydkc,http://yubio.dk/booklinks.html?id=13_B14
13.B15,https://youtu.be/Bvfv7YLmVDY,http://yubio.dk/booklinks.html?id=13_B15
13.C1,https://youtu.be/mAna47YqZpI,http://yubio.dk/booklinks.html?id=13_C1
13.C3,https://youtu.be/STDyZaj8kHw,http://yubio.dk/booklinks.html?id=13_C3
13.C9,https://youtu.be/4h1B89YjUsg,http://yubio.dk/booklinks.html?id=13_C9
13.C10,https://youtu.be/7RUgHj-qukc,http://yubio.dk/booklinks.html?id=13_C10
13.C11,https://youtu.be/kUXcCTi7UlY,http://yubio.dk/booklinks.html?id=13_C11
13.D1,https://youtu.be/oAd2LH5lX1E,http://yubio.dk/booklinks.html?id=13_D1
13.D5,https://youtu.be/pYZ_iwcJ36o,http://yubio.dk/booklinks.html?id=13_D5
14. Greb,https://youtu.be/jyTpH-9sXgA,http://yubio.dk/booklinks.html?id=14__Greb
14. Aflevering/trækskud,https://youtu.be/u7DQANt_TYc,http://yubio.dk/booklinks.html?id=14__Aflevering/traekskud
14. Dribling,https://youtu.be/VNQvGdwYdss,http://yubio.dk/booklinks.html?id=14__Dribling
14. Håndledsskud,https://youtu.be/T52AMpbQIoI,http://yubio.dk/booklinks.html?id=14__Haandledsskud
14.B2,https://youtu.be/1pQtk6yLic8,http://yubio.dk/booklinks.html?id=14_B2
14.B3,https://youtu.be/iRvs1n-upuM,http://yubio.dk/booklinks.html?id=14_B3
14.B6,https://youtu.be/DCwBuDIiUfc,http://yubio.dk/booklinks.html?id=14_B6
14.B11,https://youtu.be/J6tDNAasMzA,http://yubio.dk/booklinks.html?id=14_B11
14.C6,https://youtu.be/qwZAaZdjfs0,http://yubio.dk/booklinks.html?id=14_C6
14.C7,https://youtu.be/MSJq7V_YmRI,http://yubio.dk/booklinks.html?id=14_C7
14.C9,https://youtu.be/NV7hkryxB-E,http://yubio.dk/booklinks.html?id=14_C9
14.C10,https://youtu.be/6n1Tgjx4BmI,http://yubio.dk/booklinks.html?id=14_C10
14.C11,https://youtu.be/R-WjnxzIOwM,http://yubio.dk/booklinks.html?id=14_C11
14.C12,https://youtu.be/VfPwmy9b-O8,http://yubio.dk/booklinks.html?id=14_C12
14.C13,https://youtu.be/S1ii0sh-9HQ,http://yubio.dk/booklinks.html?id=14_C13
14.D9,https://youtu.be/gIe6My3Jxho,http://yubio.dk/booklinks.html?id=14_D9
15. Greb,https://youtu.be/7xs-f5mAwAo,http://yubio.dk/booklinks.html?id=15__Greb
15. Pivotering,https://youtu.be/7xs-f5mAwAo,http://yubio.dk/booklinks.html?id=15__Pivotering
15. Baghånd,https://youtu.be/xKLCJQ6FoxA,http://yubio.dk/booklinks.html?id=15__Baghaand
15. Forhånd,https://youtu.be/QMPnhCHktug,http://yubio.dk/booklinks.html?id=15__Forhaand
15. Hammerkast,https://youtu.be/eMakbkWhluk,http://yubio.dk/booklinks.html?id=15__Hammerkast
15. Gribe,https://youtu.be/Y0liaKerkUk,http://yubio.dk/booklinks.html?id=15__Gribe
15.A2,https://youtu.be/TIoUxCci8Mc,http://yubio.dk/booklinks.html?id=15_A2
15.A3,https://youtu.be/pAQBuHWeg8U,http://yubio.dk/booklinks.html?id=15_A3
15.A4,https://youtu.be/VJP1kqZkMyM,http://yubio.dk/booklinks.html?id=15_A4
15.A5,https://youtu.be/80ywlmuRgkY,http://yubio.dk/booklinks.html?id=15_A5
15.A9,https://youtu.be/f9Qsb9G8VN0,http://yubio.dk/booklinks.html?id=15_A9
15.B8,https://youtu.be/7xs-f5mAwAo,http://yubio.dk/booklinks.html?id=15_B8
15.B16,https://youtu.be/SpFYXes60rc,http://yubio.dk/booklinks.html?id=15_B16
15.C1,https://youtu.be/sq2rVSt4qNc,http://yubio.dk/booklinks.html?id=15_C1
15.C3,https://youtu.be/c4NLLgnzqVA,http://yubio.dk/booklinks.html?id=15_C3
15.C4,https://youtu.be/uaK0C4Q90q0,http://yubio.dk/booklinks.html?id=15_C4
15.C5,https://youtu.be/9AYWrw-IzM4,http://yubio.dk/booklinks.html?id=15_C5
15.C6,https://youtu.be/acgBL3QPB-s,http://yubio.dk/booklinks.html?id=15_C6
16. Kaste,https://youtu.be/TJm2fLEeh2M,http://yubio.dk/booklinks.html?id=16__Kaste
16. Gribe,https://youtu.be/JvV-xsNuhGw,http://yubio.dk/booklinks.html?id=16__Gribe
16. Out & in,https://youtu.be/CHAcrlxIGKg,http://yubio.dk/booklinks.html?id=16__Out_and_in
16. Hook & fly,https://youtu.be/k4DLAopSQmw,http://yubio.dk/booklinks.html?id=16__Hook_and_fly
16. Comeback & post,https://youtu.be/4nn9xh_qFg0,http://yubio.dk/booklinks.html?id=16__Comeback_and_post
16. Handoff,https://youtu.be/nU-jzpIdFTI,http://yubio.dk/booklinks.html?id=16__Handoff
16. Snap,https://youtu.be/2-GxZl61Zhw,http://yubio.dk/booklinks.html?id=16__Snap
16.A3,https://youtu.be/mOmjXrtrjvk,http://yubio.dk/booklinks.html?id=16_A3
16.B1,https://youtu.be/ljKrWB_h01s,http://yubio.dk/booklinks.html?id=16_B1
16.B2,https://youtu.be/ZqOt3xodH1c,http://yubio.dk/booklinks.html?id=16_B2
16.B3,https://youtu.be/O7UYkv5uE-o,http://yubio.dk/booklinks.html?id=16_B3
16.B4,https://youtu.be/nGu2QXpJT9I,http://yubio.dk/booklinks.html?id=16_B4
16.B5,https://youtu.be/Ns2-mrBK0jw,http://yubio.dk/booklinks.html?id=16_B5
16.B6,https://youtu.be/4eYmIf-RugE,http://yubio.dk/booklinks.html?id=16_B6
16.C2,https://youtu.be/JxrdpgM_39c,http://yubio.dk/booklinks.html?id=16_C2
16.C3,https://youtu.be/DFvH6WVuCoU,http://yubio.dk/booklinks.html?id=16_C3
16.C4,https://youtu.be/bKbIt_GDuF0,http://yubio.dk/booklinks.html?id=16_C4
16.C5,https://youtu.be/nsa8xcp1TI4,http://yubio.dk/booklinks.html?id=16_C5
20 Evaluering 1,https://www.concept2.com/indoor-rowers/training/calculators/vo2max-calculator,http://yubio.dk/booklinks.html?id=20_Evaluering_1
20 Evaluering 2,https://youtu.be/7xs-f5mAwAo,http://yubio.dk/booklinks.html?id=20_Evaluering_2
22. Teknik 3,https://youtu.be/KIiFFeyD9Nw,http://yubio.dk/booklinks.html?id=22__Teknik_3
22. Teknik 4,https://youtu.be/ELlYC0iwx1U,http://yubio.dk/booklinks.html?id=22__Teknik_4
22. Teknik 5,https://youtu.be/kcbgWajub5Y,http://yubio.dk/booklinks.html?id=22__Teknik_5
22. Teknik 6,https://youtu.be/x0EY1Pqf9TE,http://yubio.dk/booklinks.html?id=22__Teknik_6
22.A3,https://youtu.be/YtTIp9Usl_E,http://yubio.dk/booklinks.html?id=22_A3
22.B1,https://youtu.be/ilT8FSjMB0g,http://yubio.dk/booklinks.html?id=22_B1
22.B2,https://youtu.be/aQrb69lLCT4,http://yubio.dk/booklinks.html?id=22_B2
22.B4,https://youtu.be/ogDbgeaViDw,http://yubio.dk/booklinks.html?id=22_B4
22.B5,https://youtu.be/fLP6qi8zM_I,http://yubio.dk/booklinks.html?id=22_B5
22. Teknik 7,https://youtu.be/Q88LmqJdP4w,http://yubio.dk/booklinks.html?id=22__Teknik_7
22. Teknik 8,https://youtu.be/RjjGJSjcbE0,http://yubio.dk/booklinks.html?id=22__Teknik_8
22. Teknik 9,https://youtu.be/i3PKAxrjGPE,http://yubio.dk/booklinks.html?id=22__Teknik_9
22. Teknik 10,https://youtu.be/3B6WQdJZrUk,http://yubio.dk/booklinks.html?id=22__Teknik_10
22. Teknik 11,https://youtu.be/opCOPfn5DSc,http://yubio.dk/booklinks.html?id=22__Teknik_11
22. Teknik 12,https://youtu.be/VCS_yLhLsQ0,http://yubio.dk/booklinks.html?id=22__Teknik_12
22.C1,https://youtu.be/fagsUhgAwzE,http://yubio.dk/booklinks.html?id=22_C1
22.C2,https://youtu.be/HsxnTdSG5IA,http://yubio.dk/booklinks.html?id=22_C2
22.C3,https://youtu.be/PeOLLPJx2v4,http://yubio.dk/booklinks.html?id=22_C3
22.C4,https://youtu.be/0KCd6yn4Bzw,http://yubio.dk/booklinks.html?id=22_C4
22.C5,https://youtu.be/MW572JQeaA0,http://yubio.dk/booklinks.html?id=22_C5
22. Teknik 13,https://youtu.be/d20RwIgqf8M,http://yubio.dk/booklinks.html?id=22__Teknik_13
22. Teknik 14,https://youtu.be/Ay36Js0YQwU,http://yubio.dk/booklinks.html?id=22__Teknik_14
22. Teknik 15,https://youtu.be/DglQMS1nses,http://yubio.dk/booklinks.html?id=22__Teknik_15
22. Teknik 16,https://youtu.be/NfouGRVRMJM,http://yubio.dk/booklinks.html?id=22__Teknik_16
22. Teknik 17,https://youtu.be/0uIKWi_AthQ,http://yubio.dk/booklinks.html?id=22__Teknik_17
22. Teknik 18,https://youtu.be/9xy-8O_2SkY,http://yubio.dk/booklinks.html?id=22__Teknik_18
22.D1,https://youtu.be/rTUbC1kxZHc,http://yubio.dk/booklinks.html?id=22_D1
22.D2,https://youtu.be/grYGJxFAyv4,http://yubio.dk/booklinks.html?id=22_D2
22.D3,https://youtu.be/lmJF0S9Cct8,http://yubio.dk/booklinks.html?id=22_D3
22.D4,https://youtu.be/MvzNgriWln0,http://yubio.dk/booklinks.html?id=22_D4
22.D5,https://youtu.be/K85sgEfylH8,http://yubio.dk/booklinks.html?id=22_D5
22.D6,https://youtu.be/7e6hLBSgK1A,http://yubio.dk/booklinks.html?id=22_D6
22.E5,https://youtu.be/bE62XRMDNrE,http://yubio.dk/booklinks.html?id=22_E5
22.E6,https://youtu.be/t5IvLWG8D38,http://yubio.dk/booklinks.html?id=22_E6
22.E7,https://youtu.be/k_9A0xzNBio,http://yubio.dk/booklinks.html?id=22_E7
22.E8,https://youtu.be/eIgg6wxjzZI,http://yubio.dk/booklinks.html?id=22_E8
22.E9,https://youtu.be/RNMe4OKTuOE,http://yubio.dk/booklinks.html?id=22_E9
22.E10,https://youtu.be/59HmqWBuVew,http://yubio.dk/booklinks.html?id=22_E10
22.E11,https://youtu.be/lM9XHUiy4ZY,http://yubio.dk/booklinks.html?id=22_E11
Figur 23.3,https://youtu.be/KtT4rCUA9ys,http://yubio.dk/booklinks.html?id=Figur_23_3
Figur 23.5,https://youtu.be/E8i8BJ_UiCc,http://yubio.dk/booklinks.html?id=Figur_23_5
Figur 23.6,https://youtu.be/NhLGUb9O41Y,http://yubio.dk/booklinks.html?id=Figur_23_6
23.A1,https://youtu.be/dzmZ9rzjSt8,http://yubio.dk/booklinks.html?id=23_A1
23.A2,https://youtu.be/FU4wLD5nc3o,http://yubio.dk/booklinks.html?id=23_A2
23.A3,https://youtu.be/y18u2UImeZU,http://yubio.dk/booklinks.html?id=23_A3
23.A5,https://youtu.be/imxwJ7jozJ0,http://yubio.dk/booklinks.html?id=23_A5
23.A6,https://youtu.be/O8vxCmrs7E8,http://yubio.dk/booklinks.html?id=23_A6
23.C1,https://youtu.be/UVTJg8tVpbc,http://yubio.dk/booklinks.html?id=23_C1
23.C2,https://youtu.be/dVNZZEHEZ2A,http://yubio.dk/booklinks.html?id=23_C2
23.C3,https://youtu.be/5Ag1T9MAwCg,http://yubio.dk/booklinks.html?id=23_C3
23.C4,https://youtu.be/SSoK2bPqsrY,http://yubio.dk/booklinks.html?id=23_C4
23.C5,https://youtu.be/2smZ0fVPsJk,http://yubio.dk/booklinks.html?id=23_C5
23.C6,https://youtu.be/CI2S1MXxuTw,http://yubio.dk/booklinks.html?id=23_C6
23.D1,https://youtu.be/zaD-uIg6lCo,http://yubio.dk/booklinks.html?id=23_D1
23.D2,https://youtu.be/pXEQypWJmo8,http://yubio.dk/booklinks.html?id=23_D2
23.D3,https://youtu.be/aNYdsLHEOz8,http://yubio.dk/booklinks.html?id=23_D3
23.E1,https://youtu.be/pEMXdVBUgtE,http://yubio.dk/booklinks.html?id=23_E1
23.E2,https://youtu.be/QYCKlwyG8Oo,http://yubio.dk/booklinks.html?id=23_E2
23.E3,https://youtu.be/Tnjbqv4Suos,http://yubio.dk/booklinks.html?id=23_E3
23.E4,https://youtu.be/bO1y0KN2ZUk,http://yubio.dk/booklinks.html?id=23_E4
23.F1,https://youtu.be/OXlKffevoSI,http://yubio.dk/booklinks.html?id=23_F1
23.F2,https://youtu.be/7mSgAyC1M1A,http://yubio.dk/booklinks.html?id=23_F2
23.F3,https://youtu.be/8yPu0e76OwE,http://yubio.dk/booklinks.html?id=23_F3
23.F4,https://youtu.be/VRnAK_dkZ3E,http://yubio.dk/booklinks.html?id=23_F4
23.F5,https://youtu.be/HuyMK68WSMc,http://yubio.dk/booklinks.html?id=23_F5
23.F6,https://youtu.be/XlODfnE82K4,http://yubio.dk/booklinks.html?id=23_F6
23.G1,https://youtu.be/PRn6QAvyxpk,http://yubio.dk/booklinks.html?id=23_G1
23.G2,https://youtu.be/s2_vt6_orUM,http://yubio.dk/booklinks.html?id=23_G2
23.G3,https://youtu.be/a_902FF6A68,http://yubio.dk/booklinks.html?id=23_G3
24.A9,https://youtu.be/bmT--iOfpOc,http://yubio.dk/booklinks.html?id=24_A9
24.A17,https://youtu.be/ofhhD6TU0LM,http://yubio.dk/booklinks.html?id=24_A17
24.A18,https://youtu.be/BiiotxRlBz4,http://yubio.dk/booklinks.html?id=24_A18
24.A19,https://youtu.be/D2-wmGYbWhA,http://yubio.dk/booklinks.html?id=24_A19
24.A20,https://youtu.be/zQX2a69aeV4,http://yubio.dk/booklinks.html?id=24_A20
24.A21,https://youtu.be/A2jDiBzDlsA,http://yubio.dk/booklinks.html?id=24_A21
24.A22,https://youtu.be/8XB-JHKWarA,http://yubio.dk/booklinks.html?id=24_A22
24.B8,https://youtu.be/YuQgw9fWLSs,http://yubio.dk/booklinks.html?id=24_B8
24.B10,https://youtu.be/RzhN59dPKsY,http://yubio.dk/booklinks.html?id=24_B10
24.B14,https://youtu.be/XFUYOTEVGXc,http://yubio.dk/booklinks.html?id=24_B14
24.C3,https://youtu.be/qN6g4h8eX2I,http://yubio.dk/booklinks.html?id=24_C3
24.C4,https://youtu.be/a2WjZ2riZvw,http://yubio.dk/booklinks.html?id=24_C4
24.C5,https://youtu.be/FcpLd7FVPvc,http://yubio.dk/booklinks.html?id=24_C5
24.C6,https://youtu.be/STCDBqGzhuQ,http://yubio.dk/booklinks.html?id=24_C6
24.C9,https://youtu.be/32bvXsMniDs,http://yubio.dk/booklinks.html?id=24_C9
24.C10,https://youtu.be/ip3BGugY4ls,http://yubio.dk/booklinks.html?id=24_C10
24.D1,https://youtu.be/dRxrs83wxdM,http://yubio.dk/booklinks.html?id=24_D1
24.D2,https://youtu.be/DLFnA-ElhnA,http://yubio.dk/booklinks.html?id=24_D2
25.A1,https://youtu.be/Q_bdO_TGZZs,http://yubio.dk/booklinks.html?id=25_A1
25.A2,https://youtu.be/BkB8yNcHAik,http://yubio.dk/booklinks.html?id=25_A2
25.A3,https://youtu.be/qC9z2zUMv74,http://yubio.dk/booklinks.html?id=25_A3
25.A4,https://youtu.be/nXdj8Y9wMKE,http://yubio.dk/booklinks.html?id=25_A4
25.A5,https://youtu.be/1Wc-h8EmIS8,http://yubio.dk/booklinks.html?id=25_A5
25.A6,https://youtu.be/C99i4ziYKTY,http://yubio.dk/booklinks.html?id=25_A6
25.A7,https://youtu.be/mM7wcR_xOgA,http://yubio.dk/booklinks.html?id=25_A7
25.A8,https://youtu.be/sOXFCoxkjlA,http://yubio.dk/booklinks.html?id=25_A8
25.A9,https://youtu.be/uqeFNYNEOaw,http://yubio.dk/booklinks.html?id=25_A9
25.A10,https://youtu.be/2_qx9PQvQIc,http://yubio.dk/booklinks.html?id=25_A10
25.A11,https://youtu.be/kTIlrTPTgSY,http://yubio.dk/booklinks.html?id=25_A11
25.A12,https://youtu.be/TCKPzEChtlE,http://yubio.dk/booklinks.html?id=25_A12
25.A13,https://youtu.be/L6pFw4sgw6E,http://yubio.dk/booklinks.html?id=25_A13
25.A14,https://youtu.be/1L4i19z_SXY,http://yubio.dk/booklinks.html?id=25_A14
25.B1,https://youtu.be/aw8j4l_P5ho,http://yubio.dk/booklinks.html?id=25_B1
25.B2,https://youtu.be/NIB1xTp5XbU,http://yubio.dk/booklinks.html?id=25_B2
25.B3,https://youtu.be/3ens2Hsq_v8,http://yubio.dk/booklinks.html?id=25_B3
25.B4,https://youtu.be/SNs7dUGBxE8,http://yubio.dk/booklinks.html?id=25_B4
25.B5,https://youtu.be/9zGdOcq5xgA,http://yubio.dk/booklinks.html?id=25_B5
25.C1,https://youtu.be/iHPcmhShGf0,http://yubio.dk/booklinks.html?id=25_C1
25.C2,https://youtu.be/TXrFMP4DZP0,http://yubio.dk/booklinks.html?id=25_C2
25.C3,https://youtu.be/FZVD2alZUF8,http://yubio.dk/booklinks.html?id=25_C3
25.C4,https://youtu.be/Nu2Pfgwxa6k,http://yubio.dk/booklinks.html?id=25_C4
25.C5,https://youtu.be/WLNsdgY541k,http://yubio.dk/booklinks.html?id=25_C5
25.C6,https://youtu.be/iEPtRo1o3bE,http://yubio.dk/booklinks.html?id=25_C6
25.C7,https://youtu.be/l_HxuddZGrY,http://yubio.dk/booklinks.html?id=25_C7
25.C8,https://youtu.be/KOpT04EjNlY,http://yubio.dk/booklinks.html?id=25_C8
26. Balance,https://youtu.be/_YO_EVj-y_8,http://yubio.dk/booklinks.html?id=26__Balance
26. Jumps,https://youtu.be/Au2v9s4aoBg,http://yubio.dk/booklinks.html?id=26__Jumps
26. Rails,https://youtu.be/UfskN5uTiYA,http://yubio.dk/booklinks.html?id=26__Rails
26. Vaults,https://youtu.be/3xVQqx6lwVs,http://yubio.dk/booklinks.html?id=26__Vaults
26.B2,https://youtu.be/qKZQ2kwPcQk,http://yubio.dk/booklinks.html?id=26_B2
26.B3,https://youtu.be/SjN3VF-5rM0,http://yubio.dk/booklinks.html?id=26_B3
26.B4,https://youtu.be/s9ShfV6z8-w,http://yubio.dk/booklinks.html?id=26_B4
26.B5,https://youtu.be/l5grLJuovM4,http://yubio.dk/booklinks.html?id=26_B5
26.B6,https://youtu.be/lg2PrPSEdB8,http://yubio.dk/booklinks.html?id=26_B6
26.B7,https://youtu.be/JCtkQ1wqx_k,http://yubio.dk/booklinks.html?id=26_B7
26.B8,https://youtu.be/S0ucTlvJPS0,http://yubio.dk/booklinks.html?id=26_B8
26.B9,https://youtu.be/CRG6NCsWoZQ,http://yubio.dk/booklinks.html?id=26_B9
26.B10,https://youtu.be/cNBG7vXfdOE,http://yubio.dk/booklinks.html?id=26_B10
26.B11,https://youtu.be/XR97mYDTCaA,http://yubio.dk/booklinks.html?id=26_B11
26.B12,https://youtu.be/Sg35wRBrWxg,http://yubio.dk/booklinks.html?id=26_B12
26.C1,https://youtu.be/SwTkQZf6JaY,http://yubio.dk/booklinks.html?id=26_C1
26.C2,https://youtu.be/m6h6J2dcRJQ,http://yubio.dk/booklinks.html?id=26_C2
26.C3,https://youtu.be/qQwuML08lVE,http://yubio.dk/booklinks.html?id=26_C3
26.C4,https://youtu.be/pB2nyQ6yJtY,http://yubio.dk/booklinks.html?id=26_C4
26.C5,https://youtu.be/Nrt2Le7QkK0,http://yubio.dk/booklinks.html?id=26_C5
26.C6,https://youtu.be/b8FFulDaTow,http://yubio.dk/booklinks.html?id=26_C6
26.C7,https://youtu.be/ybYI2YtWCaI,http://yubio.dk/booklinks.html?id=26_C7
26.D1,https://youtu.be/Y4kXi_bux3k,http://yubio.dk/booklinks.html?id=26_D1
26.D2,https://youtu.be/WRcUgQ8SYBc,http://yubio.dk/booklinks.html?id=26_D2
26.D3,https://youtu.be/GGky-frFFFM,http://yubio.dk/booklinks.html?id=26_D3
26.D4,https://youtu.be/qi1f1qZXd-0,http://yubio.dk/booklinks.html?id=26_D4
26.D5,https://youtu.be/ZxXRkPxL6UA,http://yubio.dk/booklinks.html?id=26_D5
26.D6,https://youtu.be/TrgslUzJCSE,http://yubio.dk/booklinks.html?id=26_D6
26.D7,https://youtu.be/AN9LQAQwZ9U,http://yubio.dk/booklinks.html?id=26_D7
26.D8,https://youtu.be/H25ytUKRpO4,http://yubio.dk/booklinks.html?id=26_D8
27.A1,https://youtu.be/CklOpCVFqbA,http://yubio.dk/booklinks.html?id=27_A1
27.A2,https://youtu.be/RQJ9Q85ZnVM,http://yubio.dk/booklinks.html?id=27_A2
27.A3,https://youtu.be/l3s8XxwaTq4,http://yubio.dk/booklinks.html?id=27_A3
27.A4,https://youtu.be/wpcLK0Jfc04,http://yubio.dk/booklinks.html?id=27_A4
27.A5,https://youtu.be/SOlxNZzyLyg,http://yubio.dk/booklinks.html?id=27_A5
27.A6,https://youtu.be/UfkiT8TpylA,http://yubio.dk/booklinks.html?id=27_A6
27.A7,https://youtu.be/lvsjUXzswxI,http://yubio.dk/booklinks.html?id=27_A7
27.A8,https://youtu.be/iOanSUWZFlk,http://yubio.dk/booklinks.html?id=27_A8
27.A11,https://youtu.be/PAicMb3AlrM,http://yubio.dk/booklinks.html?id=27_A11
27.B1,https://youtu.be/fmO_AI2q2jU,http://yubio.dk/booklinks.html?id=27_B1
27.B2,https://youtu.be/_yib8kmnBA4,http://yubio.dk/booklinks.html?id=27_B2
27.B3,https://youtu.be/A7ARty_ncOM,http://yubio.dk/booklinks.html?id=27_B3
27.B4,https://youtu.be/VfwB4aw9cmg,http://yubio.dk/booklinks.html?id=27_B4
27.B5,https://youtu.be/0VLcOajlGIk,http://yubio.dk/booklinks.html?id=27_B5
27.B6,https://youtu.be/RsK5Cz7E2p0,http://yubio.dk/booklinks.html?id=27_B6
27.C1,https://youtu.be/LaY3lKWwWNo,http://yubio.dk/booklinks.html?id=27_C1
27.C2,https://youtu.be/d175T7rFL-U,http://yubio.dk/booklinks.html?id=27_C2
27.C3,https://youtu.be/9s4l5dTCKCw,http://yubio.dk/booklinks.html?id=27_C3
27.C4,https://youtu.be/1Evk0nj_bHU,http://yubio.dk/booklinks.html?id=27_C4
27.C5,https://youtu.be/pnSn2zWwZWg,http://yubio.dk/booklinks.html?id=27_C5
27.C6,https://youtu.be/tgJpzFdlMNI,http://yubio.dk/booklinks.html?id=27_C6
27.C7,https://youtu.be/R8lgbNojcSc,http://yubio.dk/booklinks.html?id=27_C7
27.C8,https://youtu.be/ifIb-Mf-Wbc,http://yubio.dk/booklinks.html?id=27_C8
27.C9,https://youtu.be/jESL_yHfYwE,http://yubio.dk/booklinks.html?id=27_C9
27.C10,https://youtu.be/0DP4_c2Hj6c,http://yubio.dk/booklinks.html?id=27_C10
27.C11,https://youtu.be/AZc8TAyXjwE,http://yubio.dk/booklinks.html?id=27_C11
27.C12,https://youtu.be/ZstPDVkFLi4,http://yubio.dk/booklinks.html?id=27_C12
27.C13,https://youtu.be/FSSTRmCDlrk,http://yubio.dk/booklinks.html?id=27_C13
27.C14,https://youtu.be/Zd54fB47PE0,http://yubio.dk/booklinks.html?id=27_C14
27.C15,https://youtu.be/vuZ4WMW0uRg,http://yubio.dk/booklinks.html?id=27_C15
27.C16,https://youtu.be/xVrzBb_oYYI,http://yubio.dk/booklinks.html?id=27_C16
27.C17,https://youtu.be/Y0-s7BaKCiA,http://yubio.dk/booklinks.html?id=27_C17
27.C18,https://youtu.be/rd4IuyyKTAo,http://yubio.dk/booklinks.html?id=27_C18
27.C19,https://youtu.be/NiVAwm534xY,http://yubio.dk/booklinks.html?id=27_C19
27.C21,https://youtu.be/wHRK3Gllid0,http://yubio.dk/booklinks.html?id=27_C21
27.D1,https://youtu.be/2mWwnLorwWI,http://yubio.dk/booklinks.html?id=27_D1
27.D2,https://youtu.be/EBQRyLfF8Xc,http://yubio.dk/booklinks.html?id=27_D2
27.D3,https://youtu.be/570oqKJRja0,http://yubio.dk/booklinks.html?id=27_D3
27.D4,https://youtu.be/KGMtuaWtIa0,http://yubio.dk/booklinks.html?id=27_D4
27.D5,https://youtu.be/S8lwx2T9zaA,http://yubio.dk/booklinks.html?id=27_D5
27.D6,https://youtu.be/2LXYGCYT7GA,http://yubio.dk/booklinks.html?id=27_D6
27.D7,https://youtu.be/tNQd7KXCfZ4,http://yubio.dk/booklinks.html?id=27_D7
27.D8,https://youtu.be/mwo5eIaerCI,http://yubio.dk/booklinks.html?id=27_D8
27.D9,https://youtu.be/IcU0ZUWFWnA,http://yubio.dk/booklinks.html?id=27_D9
27.D10,https://youtu.be/owA2f_Pihqw,http://yubio.dk/booklinks.html?id=27_D10
27.D11,https://youtu.be/wWSv2CcGaNc,http://yubio.dk/booklinks.html?id=27_D11
27.D12,https://youtu.be/AbuzB4ozo2s,http://yubio.dk/booklinks.html?id=27_D12
27.D13,https://youtu.be/GKrzA09ynSc,http://yubio.dk/booklinks.html?id=27_D13
27.D14,https://youtu.be/SgSkvfiXqzw,http://yubio.dk/booklinks.html?id=27_D14
27.D15,https://youtu.be/b5o_ryTgmrY,http://yubio.dk/booklinks.html?id=27_D15
27.D16,https://youtu.be/RN5N4Nq7yso,http://yubio.dk/booklinks.html?id=27_D16
27.D17,https://youtu.be/7ngJmXH_rik,http://yubio.dk/booklinks.html?id=27_D17
27.D18,https://youtu.be/JJm0MZILR4Y,http://yubio.dk/booklinks.html?id=27_D18
27.D19,https://youtu.be/8RD5oefPGEM,http://yubio.dk/booklinks.html?id=27_D19
27.D20,https://youtu.be/we5qVMp7pSM,http://yubio.dk/booklinks.html?id=27_D20
27.D21,https://youtu.be/LWu0TP3YFlU,http://yubio.dk/booklinks.html?id=27_D21
27.D22,https://youtu.be/evr0Sgp-ubU,http://yubio.dk/booklinks.html?id=27_D22
27.D23,https://youtu.be/0W_Po6UgNsU,http://yubio.dk/booklinks.html?id=27_D23
27.D24,https://youtu.be/172qNdA-G_g,http://yubio.dk/booklinks.html?id=27_D24
28. Bænkpres,https://youtu.be/b5-rV8sPb-w,http://yubio.dk/booklinks.html?id=28__Baenkpres
28. Squat,https://youtu.be/mjOhSewlC9Y,http://yubio.dk/booklinks.html?id=28__Squat
28. Dødløft,https://youtu.be/DKz4d2T5Ios,http://yubio.dk/booklinks.html?id=28__Doedloeft
28. Snatch,https://youtu.be/SIPgGyoGwWA,http://yubio.dk/booklinks.html?id=28__Snatch
28. Clean and jerk,https://youtu.be/JgsgacSwnF4,http://yubio.dk/booklinks.html?id=28__Clean_and_jerk
28.A1,https://youtu.be/viSKLQUnqP4,http://yubio.dk/booklinks.html?id=28_A1
28.A2,https://youtu.be/CFiBDjEax3M,http://yubio.dk/booklinks.html?id=28_A2
28.A3,https://youtu.be/TIxh4Egfxoo,http://yubio.dk/booklinks.html?id=28_A3
28.A4,https://youtu.be/MS3Am14Y4Wg,http://yubio.dk/booklinks.html?id=28_A4
28.A5,https://youtu.be/GxdzoyfdhBw,http://yubio.dk/booklinks.html?id=28_A5
28.A6,https://youtu.be/CaBNPrYMSZ8,http://yubio.dk/booklinks.html?id=28_A6
28.A7,https://youtu.be/PjWIQkPnkr4,http://yubio.dk/booklinks.html?id=28_A7
28.A8,https://youtu.be/kzTHJQGtWTY,http://yubio.dk/booklinks.html?id=28_A8
28.A9,https://youtu.be/AidIiiQQo4U,http://yubio.dk/booklinks.html?id=28_A9
28.A10,https://youtu.be/74IgmnIjPxs,http://yubio.dk/booklinks.html?id=28_A10
28.A11,https://youtu.be/E2xde-k2-IQ,http://yubio.dk/booklinks.html?id=28_A11
28.A12,https://youtu.be/BPxAeoLz9ZI,http://yubio.dk/booklinks.html?id=28_A12
28.A13,https://youtu.be/wu6thNheOZI,http://yubio.dk/booklinks.html?id=28_A13
28.A14,https://youtu.be/_n-qYKtN0Hg,http://yubio.dk/booklinks.html?id=28_A14
28.A15,https://youtu.be/DoVmzpGZG7E,http://yubio.dk/booklinks.html?id=28_A15
28.A16,https://youtu.be/E-eVwcziEWg,http://yubio.dk/booklinks.html?id=28_A16
28.A17,https://youtu.be/ebvEi9Namas,http://yubio.dk/booklinks.html?id=28_A17
28.A18,https://youtu.be/2c5NXXAwE5s,http://yubio.dk/booklinks.html?id=28_A18
28.B1,https://youtu.be/ySmwD4LQ7GA,http://yubio.dk/booklinks.html?id=28_B1
28.B2,https://youtu.be/rcsxpskzPoI,http://yubio.dk/booklinks.html?id=28_B2
28.B3,https://youtu.be/iID9qoMOtxA,http://yubio.dk/booklinks.html?id=28_B3
28.B4,https://youtu.be/cD2JnGUWuzs,http://yubio.dk/booklinks.html?id=28_B4
28.B5,https://youtu.be/_5k6Rw4CkyY,http://yubio.dk/booklinks.html?id=28_B5
28.B6,https://youtu.be/YWUsJni79v8,http://yubio.dk/booklinks.html?id=28_B6
28.B7,https://youtu.be/bS75J3-R9OU,http://yubio.dk/booklinks.html?id=28_B7
28.B8,https://youtu.be/0KsIqtIybfA,http://yubio.dk/booklinks.html?id=28_B8
28.B9,https://youtu.be/u8gec6zQYJo,http://yubio.dk/booklinks.html?id=28_B9
28.B10,https://youtu.be/1TenJ6b2xRM,http://yubio.dk/booklinks.html?id=28_B10
28.B11,https://youtu.be/j-8Jy9GZoiU,http://yubio.dk/booklinks.html?id=28_B11
28.C1,https://youtu.be/4JVqoLXw0TI,http://yubio.dk/booklinks.html?id=28_C1
28.C2,https://youtu.be/5AaG6IWSLLQ,http://yubio.dk/booklinks.html?id=28_C2
28.C3,https://youtu.be/c2QwqCxYGHM,http://yubio.dk/booklinks.html?id=28_C3
28.C4,https://youtu.be/HzqvTyKoaEg,http://yubio.dk/booklinks.html?id=28_C4
28.C5,https://youtu.be/m6Wt3SM1Yrc,http://yubio.dk/booklinks.html?id=28_C5
28.C6,https://youtu.be/v8KdzwUnCQQ,http://yubio.dk/booklinks.html?id=28_C6
28.C7,https://youtu.be/EV0RlwNs3T4,http://yubio.dk/booklinks.html?id=28_C7
28.C8,https://youtu.be/BNLgrDlUNHo,http://yubio.dk/booklinks.html?id=28_C8
28.C9,https://youtu.be/Ckttrrsh4gQ,http://yubio.dk/booklinks.html?id=28_C9
28.C10,https://youtu.be/bjkx8MQvmfU,http://yubio.dk/booklinks.html?id=28_C10
28.C11,https://youtu.be/woF3HnEcnF8,http://yubio.dk/booklinks.html?id=28_C11
28.C12,https://youtu.be/gWYe3hScjFU,http://yubio.dk/booklinks.html?id=28_C12
28.D1,https://youtu.be/rUKSgoMz9mU,http://yubio.dk/booklinks.html?id=28_D1
28.D2,https://youtu.be/2xjxhvTq_EE,http://yubio.dk/booklinks.html?id=28_D2
28.D3,https://youtu.be/_EtWmz-RTTA,http://yubio.dk/booklinks.html?id=28_D3
28.D4,https://youtu.be/SM2NxZyYJos,http://yubio.dk/booklinks.html?id=28_D4
28.D5,https://youtu.be/IrRK-Paor6Y,http://yubio.dk/booklinks.html?id=28_D5
28.D6,https://youtu.be/g_71XljNQjQ,http://yubio.dk/booklinks.html?id=28_D6
28.E1,https://youtu.be/_lt4mPi1asU,http://yubio.dk/booklinks.html?id=28_E1
28.E2,https://youtu.be/OnP_wRV1wHQ,http://yubio.dk/booklinks.html?id=28_E2
28.E3,https://youtu.be/scY-4bc8kZ0,http://yubio.dk/booklinks.html?id=28_E3
28.E4,https://youtu.be/3ohRwEYjT0A,http://yubio.dk/booklinks.html?id=28_E4
28.E5,https://youtu.be/ycR9q4ryO5g,http://yubio.dk/booklinks.html?id=28_E5
28.E6,https://youtu.be/QHImd2BsMXY,http://yubio.dk/booklinks.html?id=28_E6
28.E7,https://youtu.be/38k1QesjoIk,http://yubio.dk/booklinks.html?id=28_E7
28.E8,https://youtu.be/zkr4kQfT7ow,http://yubio.dk/booklinks.html?id=28_E8
28.E9,https://youtu.be/lm-bj-4IWyE,http://yubio.dk/booklinks.html?id=28_E9
28.E10,https://youtu.be/2SL0TZJ3fig,http://yubio.dk/booklinks.html?id=28_E10
28.E11,https://youtu.be/cRPNXJfyihw,http://yubio.dk/booklinks.html?id=28_E11
28.E12,https://youtu.be/NeFQlJpXdBw,http://yubio.dk/booklinks.html?id=28_E12
28.F1,https://youtu.be/breur-Yu8RU,http://yubio.dk/booklinks.html?id=28_F1
28.F2,https://youtu.be/ibQVfSghjA4,http://yubio.dk/booklinks.html?id=28_F2
28.F3,https://youtu.be/fsHMQfLKHrs,http://yubio.dk/booklinks.html?id=28_F3
28.F4,https://youtu.be/ca9UDwSQJEI,http://yubio.dk/booklinks.html?id=28_F4
28.F5,https://youtu.be/IGFCdpv6CoY,http://yubio.dk/booklinks.html?id=28_F5
28.F6,https://youtu.be/4ZlquugN5JY,http://yubio.dk/booklinks.html?id=28_F6
28.F7,https://youtu.be/9NsKTeuEPkQ,http://yubio.dk/booklinks.html?id=28_F7
28.F8,https://youtu.be/WZxIKvcMECo,http://yubio.dk/booklinks.html?id=28_F8
28.F9,https://youtu.be/_gThflrbeQw,http://yubio.dk/booklinks.html?id=28_F9
28.F10,https://youtu.be/h6mPxy_KwNw,http://yubio.dk/booklinks.html?id=28_F10
28.F11,https://youtu.be/0VdSr26oiFI,http://yubio.dk/booklinks.html?id=28_F11
28.F12,https://youtu.be/D-puK8Nct8Q,http://yubio.dk/booklinks.html?id=28_F12
28.F13,https://youtu.be/RD8fKLcO31Q,http://yubio.dk/booklinks.html?id=28_F13
28.F14,https://youtu.be/nk3dPumG8zA,http://yubio.dk/booklinks.html?id=28_F14
29.A2,https://youtu.be/NTiGMHjEZYs,http://yubio.dk/booklinks.html?id=29_A2
29.A3,https://youtu.be/9BgIsSOJftc,http://yubio.dk/booklinks.html?id=29_A3
29.A4,https://youtu.be/9MQv1Xvo8VY,http://yubio.dk/booklinks.html?id=29_A4
29.A5,https://youtu.be/nKF-Mhrhr1I,http://yubio.dk/booklinks.html?id=29_A5
29.A6,https://youtu.be/Si9HR4Vnoao,http://yubio.dk/booklinks.html?id=29_A6
29.A7,https://youtu.be/4dmEWr0ppaE,http://yubio.dk/booklinks.html?id=29_A7
29.A9,https://youtu.be/i5grCFVTt6c,http://yubio.dk/booklinks.html?id=29_A9
29.A10,https://youtu.be/2pe44xx9SDg,http://yubio.dk/booklinks.html?id=29_A10
29.A11,https://youtu.be/KiUCOBDQfWA,http://yubio.dk/booklinks.html?id=29_A11
29.A12,https://youtu.be/NCAL9dxEIc0,http://yubio.dk/booklinks.html?id=29_A12
29.A13,https://youtu.be/fjZH53-jD3g,http://yubio.dk/booklinks.html?id=29_A13
29.A14,https://youtu.be/TNnSWJyl1SM,http://yubio.dk/booklinks.html?id=29_A14
29.A15,https://youtu.be/HatPidkF2-I,http://yubio.dk/booklinks.html?id=29_A15
29.A16,https://youtu.be/dwBMExchoWM,http://yubio.dk/booklinks.html?id=29_A16
29.A17,https://youtu.be/GJ7Nm37EUZg,http://yubio.dk/booklinks.html?id=29_A17
29.A18,https://youtu.be/7Ha-Bltj1ok,http://yubio.dk/booklinks.html?id=29_A18
29.A19,https://youtu.be/3K-tr0s8jF8,http://yubio.dk/booklinks.html?id=29_A19
Figur 29.6,https://youtu.be/ll1OpQNLZhM,http://yubio.dk/booklinks.html?id=Figur_29_6
Figur 29.9,https://youtu.be/6yO8-fEhIrc,http://yubio.dk/booklinks.html?id=Figur_29_9
Figur 29.11,https://youtu.be/QnNleZyjox8,http://yubio.dk/booklinks.html?id=Figur_29_11
Figur 29.16,https://youtu.be/oNO2ep1nwKA,http://yubio.dk/booklinks.html?id=Figur_29_16
Figur 29.17,https://youtu.be/ah4kyWCtz_E,http://yubio.dk/booklinks.html?id=Figur_29_17
Figur 29.18,https://youtu.be/73EK_79cj4I,http://yubio.dk/booklinks.html?id=Figur_29_18
29.B1,https://youtu.be/X3EtVs23bEI,http://yubio.dk/booklinks.html?id=29_B1
29.B2,https://youtu.be/ZDzOukfPJiA,http://yubio.dk/booklinks.html?id=29_B2
29.B3,https://youtu.be/mKXEt3W5rfM,http://yubio.dk/booklinks.html?id=29_B3
29.B4,https://youtu.be/LBl-NTQfxH0,http://yubio.dk/booklinks.html?id=29_B4
29.B5,https://youtu.be/KOmX_BwaZ3I,http://yubio.dk/booklinks.html?id=29_B5
29.B6,https://youtu.be/IoF-C7nS5eI,http://yubio.dk/booklinks.html?id=29_B6
29.B7,https://youtu.be/HWR8FFMpf40,http://yubio.dk/booklinks.html?id=29_B7
29.B8,https://youtu.be/kBQ8c3TeB7Q,http://yubio.dk/booklinks.html?id=29_B8
29.B9,https://youtu.be/JEPpGuTK-M0,http://yubio.dk/booklinks.html?id=29_B9
29.B10,https://youtu.be/KsZK8yJzF2o,http://yubio.dk/booklinks.html?id=29_B10
29.B11,https://youtu.be/UrCDUWC_8C4,http://yubio.dk/booklinks.html?id=29_B11
29.B12,https://youtu.be/95pbjtrt_BQ,http://yubio.dk/booklinks.html?id=29_B12
Figur 29.29,https://youtu.be/2x7zGparvgQ,http://yubio.dk/booklinks.html?id=Figur_29_29
Figur 29.33,https://youtu.be/6shBGH_ccaI,http://yubio.dk/booklinks.html?id=Figur_29_33
Figur 29.34,https://youtu.be/A0ibrq6wFB8,http://yubio.dk/booklinks.html?id=Figur_29_34
Figur 30.3,https://youtu.be/aiD7qa4_VhQ,http://yubio.dk/booklinks.html?id=Figur_30_3
30.A1,https://youtu.be/zuhF8sndygY,http://yubio.dk/booklinks.html?id=30_A1
30.A2,https://youtu.be/f-QVMfTayZM,http://yubio.dk/booklinks.html?id=30_A2
30.A3,https://youtu.be/Owl6WNyORc8,http://yubio.dk/booklinks.html?id=30_A3
30.A4,https://youtu.be/BMTQ_dqzj-s,http://yubio.dk/booklinks.html?id=30_A4
30.A5,https://youtu.be/K5YOtaz3AYg,http://yubio.dk/booklinks.html?id=30_A5
30.A6,https://youtu.be/7z0tPcrX_ns,http://yubio.dk/booklinks.html?id=30_A6
30.B1,https://youtu.be/3V0k0GSPnWQ,http://yubio.dk/booklinks.html?id=30_B1
30.B2,https://youtu.be/q8EalStSkYI,http://yubio.dk/booklinks.html?id=30_B2
30.B3,https://youtu.be/mTgDqNTYojM,http://yubio.dk/booklinks.html?id=30_B3
30.B4,https://youtu.be/KfGHKmVnv3U,http://yubio.dk/booklinks.html?id=30_B4
30.B5,https://youtu.be/27MHhiVla-Y,http://yubio.dk/booklinks.html?id=30_B5
30.B6,https://youtu.be/adaEG3iDj3o,http://yubio.dk/booklinks.html?id=30_B6
30.C1,https://youtu.be/2peT0iU3vE0,http://yubio.dk/booklinks.html?id=30_C1
30.C2,https://youtu.be/Kvbjah9UUwU,http://yubio.dk/booklinks.html?id=30_C2
30.D1,https://youtu.be/dHSR-_DN4I4,http://yubio.dk/booklinks.html?id=30_D1
30.D2,https://youtu.be/E8D3QLYwpPo,http://yubio.dk/booklinks.html?id=30_D2
30.D3,https://youtu.be/PQ95FnfsjbQ,http://yubio.dk/booklinks.html?id=30_D3
30.D4,https://youtu.be/KCFYwDubpqE,http://yubio.dk/booklinks.html?id=30_D4
30.D5,https://youtu.be/IpOfG7qnU3I,http://yubio.dk/booklinks.html?id=30_D5
30.E1,https://youtu.be/Pkf-gQ13qQo,http://yubio.dk/booklinks.html?id=30_E1
30.E2,https://youtu.be/OVMhby1QZWI,http://yubio.dk/booklinks.html?id=30_E2
30.F1,https://youtu.be/Kzpx5FnjQrM,http://yubio.dk/booklinks.html?id=30_F1
30.F2,https://youtu.be/2ZBY3RVmA3E,http://yubio.dk/booklinks.html?id=30_F2
30.F3,https://youtu.be/7mCB5Yi-kGA,http://yubio.dk/booklinks.html?id=30_F3
30.F4,https://youtu.be/rPQhKHAYJ2U,http://yubio.dk/booklinks.html?id=30_F4
30.F5,https://youtu.be/CKXziyYgApo,http://yubio.dk/booklinks.html?id=30_F5
31.A1,https://youtu.be/vqbLYgCzzn8,http://yubio.dk/booklinks.html?id=31_A1
31.A1 variant 2,https://youtu.be/7xs-f5mAwAo,http://yubio.dk/booklinks.html?id=31_A1_variant_2
31.A1 variant 3,https://youtu.be/7xs-f5mAwAo,http://yubio.dk/booklinks.html?id=31_A1_variant_3
31.A2,https://youtu.be/6gKLUFpQnoI,http://yubio.dk/booklinks.html?id=31_A2
31.A2 variant 2,https://youtu.be/7xs-f5mAwAo,http://yubio.dk/booklinks.html?id=31_A2_variant_2
31.A2 variant 3,https://youtu.be/7xs-f5mAwAo,http://yubio.dk/booklinks.html?id=31_A2_variant_3
31.A3,https://youtu.be/u_MDv-4rWuw,http://yubio.dk/booklinks.html?id=31_A3
31.A3 variant 2,https://youtu.be/7xs-f5mAwAo,http://yubio.dk/booklinks.html?id=31_A3_variant_2
31.A3 variant 3,https://youtu.be/7xs-f5mAwAo,http://yubio.dk/booklinks.html?id=31_A3_variant_3
31.A4,https://youtu.be/eChL9XOQU0g,http://yubio.dk/booklinks.html?id=31_A4
31.A4 variant 2,https://youtu.be/7xs-f5mAwAo,http://yubio.dk/booklinks.html?id=31_A4_variant_2
31.A4 variant 3,https://youtu.be/7xs-f5mAwAo,http://yubio.dk/booklinks.html?id=31_A4_variant_3
31.A5,https://youtu.be/krMJCDY1OIA,http://yubio.dk/booklinks.html?id=31_A5
31.A5 variant 2,https://youtu.be/7xs-f5mAwAo,http://yubio.dk/booklinks.html?id=31_A5_variant_2
31.A5 variant 3,https://youtu.be/7xs-f5mAwAo,http://yubio.dk/booklinks.html?id=31_A5_variant_3
31.B1,https://youtu.be/lI7TkHU3Ozc,http://yubio.dk/booklinks.html?id=31_B1
31.B2,https://youtu.be/0MwhNlf0Aa8,http://yubio.dk/booklinks.html?id=31_B2
31.B3,https://youtu.be/vzgW0QIFIgw,http://yubio.dk/booklinks.html?id=31_B3
32.A1,https://youtu.be/6KBF0i6zmiA,http://yubio.dk/booklinks.html?id=32_A1
32.A2,https://youtu.be/BTCkacqZnI8,http://yubio.dk/booklinks.html?id=32_A2
32.A3,https://youtu.be/vwLo3zMGD1Y,http://yubio.dk/booklinks.html?id=32_A3
32.A4,https://youtu.be/elgESdfdSEE,http://yubio.dk/booklinks.html?id=32_A4
32.A5,https://youtu.be/vSXqhAPj3_Q,http://yubio.dk/booklinks.html?id=32_A5
32.A6,https://youtu.be/tish5lEqlXA,http://yubio.dk/booklinks.html?id=32_A6
32.A7,https://youtu.be/_WTVDH1pXpg,http://yubio.dk/booklinks.html?id=32_A7
32.A8,https://youtu.be/tjljOHdZsAk,http://yubio.dk/booklinks.html?id=32_A8
32.A9,https://youtu.be/dgNQMCeGIHE,http://yubio.dk/booklinks.html?id=32_A9
32.A10,https://youtu.be/k849AX4ljiw,http://yubio.dk/booklinks.html?id=32_A10
32.A11,https://youtu.be/FvSA73OFWLQ,http://yubio.dk/booklinks.html?id=32_A11
32.A12,https://youtu.be/x4dd15eADtk,http://yubio.dk/booklinks.html?id=32_A12
32.A13,https://youtu.be/lLfauQFtpFk,http://yubio.dk/booklinks.html?id=32_A13
32.A14,https://youtu.be/U9LjAwdDF9A,http://yubio.dk/booklinks.html?id=32_A14
32.A15,https://youtu.be/GArftWZ8ZT0,http://yubio.dk/booklinks.html?id=32_A15
32.B1,https://youtu.be/M_oc8-prA-4,http://yubio.dk/booklinks.html?id=32_B1
32.B2,https://youtu.be/QQiiaNpvDJ0,http://yubio.dk/booklinks.html?id=32_B2
32.B3,https://youtu.be/PNWE2n7NIwY,http://yubio.dk/booklinks.html?id=32_B3
32.B4,https://youtu.be/2_be-F7A5ss,http://yubio.dk/booklinks.html?id=32_B4
32.B5,https://youtu.be/M0GC_whXpU0,http://yubio.dk/booklinks.html?id=32_B5
32.B6,https://youtu.be/phB07Cgr1Lc,http://yubio.dk/booklinks.html?id=32_B6
32.B7,https://youtu.be/LV6iBh6lAqU,http://yubio.dk/booklinks.html?id=32_B7
32.B8,https://youtu.be/NrE0T0b1yLc,http://yubio.dk/booklinks.html?id=32_B8
32.B9,https://youtu.be/5RgAK5gsnbc,http://yubio.dk/booklinks.html?id=32_B9
32.B10,https://youtu.be/yONRWts0sCA,http://yubio.dk/booklinks.html?id=32_B10
32.B11,https://youtu.be/6_r479DPACk,http://yubio.dk/booklinks.html?id=32_B11
32.B12,https://youtu.be/UIgDjXzVb2A,http://yubio.dk/booklinks.html?id=32_B12
32.B13,https://youtu.be/DSfM3pupX84,http://yubio.dk/booklinks.html?id=32_B13
32.B14,https://youtu.be/WTrcZ7shSRA,http://yubio.dk/booklinks.html?id=32_B14
32.B15,https://youtu.be/83WxOM46L1E,http://yubio.dk/booklinks.html?id=32_B15
32.C1,https://youtu.be/lk14XCYBDAI,http://yubio.dk/booklinks.html?id=32_C1
32.C2,https://youtu.be/xTMcNcMEX2U,http://yubio.dk/booklinks.html?id=32_C2
32.C3,https://youtu.be/4goSs-hQwKg,http://yubio.dk/booklinks.html?id=32_C3
32.C4,https://youtu.be/Fd-CbMBRhgg,http://yubio.dk/booklinks.html?id=32_C4
32.C5,https://youtu.be/O1PzS-Yj7tM,http://yubio.dk/booklinks.html?id=32_C5
32.C6,https://youtu.be/8iTVP2Eitf4,http://yubio.dk/booklinks.html?id=32_C6
32.C7,https://youtu.be/x5I-Ca6eH74,http://yubio.dk/booklinks.html?id=32_C7
32.C8,https://youtu.be/Cd2afoQpemI,http://yubio.dk/booklinks.html?id=32_C8
32.C9,https://youtu.be/3TG6NyAIy_s,http://yubio.dk/booklinks.html?id=32_C9
32.C10,https://youtu.be/qMg5r4qsMNw,http://yubio.dk/booklinks.html?id=32_C10
32.C11,https://youtu.be/1vbqj-lL_a8,http://yubio.dk/booklinks.html?id=32_C11
32.D1,https://youtu.be/U8SXjtxhfBU,http://yubio.dk/booklinks.html?id=32_D1
32.D2,https://youtu.be/AR8hYkJeoeA,http://yubio.dk/booklinks.html?id=32_D2
32.D3,https://youtu.be/8Wcy2z0D35M,http://yubio.dk/booklinks.html?id=32_D3
32.D4,https://youtu.be/14eubY8YjGs,http://yubio.dk/booklinks.html?id=32_D4
32.D5,https://youtu.be/poxfgK2VBv8,http://yubio.dk/booklinks.html?id=32_D5
32.D6,https://youtu.be/8zMG5f0MkRA,http://yubio.dk/booklinks.html?id=32_D6
32.D7,https://youtu.be/lRADrVaXUmY,http://yubio.dk/booklinks.html?id=32_D7
32.D8,https://youtu.be/Sm4iONskIKI,http://yubio.dk/booklinks.html?id=32_D8
32.D9,https://youtu.be/iHDAQ_J4YnA,http://yubio.dk/booklinks.html?id=32_D9
32.D10,https://youtu.be/098ZCi5W7Ik,http://yubio.dk/booklinks.html?id=32_D10
32.D11,https://youtu.be/dJHkWUQZKXo,http://yubio.dk/booklinks.html?id=32_D11
32.D12,https://youtu.be/cwkbRMuzPs8,http://yubio.dk/booklinks.html?id=32_D12
32.D13,https://youtu.be/ayTLzqSLyXo,http://yubio.dk/booklinks.html?id=32_D13
32.D14,https://youtu.be/DBotzdzqlD8,http://yubio.dk/booklinks.html?id=32_D14
32.D15,https://youtu.be/rFnNEqE-U74,http://yubio.dk/booklinks.html?id=32_D15
33.A1,https://youtu.be/s84jhddIn24,http://yubio.dk/booklinks.html?id=33_A1
33.A2,https://youtu.be/wByr0mkcGp4,http://yubio.dk/booklinks.html?id=33_A2
33.A3,https://youtu.be/c3EWIQOgkoc,http://yubio.dk/booklinks.html?id=33_A3
33.A4,https://youtu.be/g3sCr0-rl0w,http://yubio.dk/booklinks.html?id=33_A4
33.A5,https://youtu.be/Lgm7Q0-SEnc,http://yubio.dk/booklinks.html?id=33_A5
33.B1,https://youtu.be/mv0ZPYq7yzM,http://yubio.dk/booklinks.html?id=33_B1
33.B2,https://youtu.be/cmyOkDWPdMA,http://yubio.dk/booklinks.html?id=33_B2
33.C1,https://youtu.be/1Atg5CTmye4,http://yubio.dk/booklinks.html?id=33_C1
33.C2,https://youtu.be/OP42h7rMYP8,http://yubio.dk/booklinks.html?id=33_C2
33.C3,https://youtu.be/ziRn-b-zZqg,http://yubio.dk/booklinks.html?id=33_C3
33.C4,https://youtu.be/mSIk8FtK9SE,http://yubio.dk/booklinks.html?id=33_C4
33.C5,https://youtu.be/W45Yp87jEZk,http://yubio.dk/booklinks.html?id=33_C5
33.D1,https://youtu.be/3VvYTAHnbiQ,http://yubio.dk/booklinks.html?id=33_D1
33.D2,https://youtu.be/OXN3NKko9Wg,http://yubio.dk/booklinks.html?id=33_D2
33.D3,https://youtu.be/qwHHx0ofbtE,http://yubio.dk/booklinks.html?id=33_D3
33.D4,https://youtu.be/W1lTV2JMDs8,http://yubio.dk/booklinks.html?id=33_D4
33.E1,https://youtu.be/6YOotvsnztA,http://yubio.dk/booklinks.html?id=33_E1
33.E2,https://youtu.be/6YOotvsnztA,http://yubio.dk/booklinks.html?id=33_E2
33.E3,https://youtu.be/ilXM8rCufSg,http://yubio.dk/booklinks.html?id=33_E3
34.A1,https://youtu.be/yV6hArWuKXA,http://yubio.dk/booklinks.html?id=34_A1
34.A2,https://youtu.be/p2QlKGBtMNA,http://yubio.dk/booklinks.html?id=34_A2
34.A3,https://youtu.be/HQyPRu9QERk,http://yubio.dk/booklinks.html?id=34_A3
34.B1,https://youtu.be/mIWDEnHkLos,http://yubio.dk/booklinks.html?id=34_B1
34.B2,https://youtu.be/KIi-vwc_FE8,http://yubio.dk/booklinks.html?id=34_B2
34.B3,https://youtu.be/oxhTDRNIeHk,http://yubio.dk/booklinks.html?id=34_B3
34.C1,https://youtu.be/iW-zgBi-F1M,http://yubio.dk/booklinks.html?id=34_C1
34.C2,https://youtu.be/oc8V03YdNpM,http://yubio.dk/booklinks.html?id=34_C2
34.C3,https://youtu.be/Ri8NDxJS5j8,http://yubio.dk/booklinks.html?id=34_C3
34.C4,https://youtu.be/vC5zFaQjuxM,http://yubio.dk/booklinks.html?id=34_C4
34.C5,https://youtu.be/kPPHkiHwL0o,http://yubio.dk/booklinks.html?id=34_C5
35.B1,https://youtu.be/2gTCnvvUrOQ,http://yubio.dk/booklinks.html?id=35_B1
35.B2,https://youtu.be/ZK9qPpIzWRE,http://yubio.dk/booklinks.html?id=35_B2
35.B3,https://youtu.be/NVk41W31g5Q,http://yubio.dk/booklinks.html?id=35_B3
35.B4,https://youtu.be/EvDLYSrreMg,http://yubio.dk/booklinks.html?id=35_B4
35.B5,https://youtu.be/UpaS7lANvq8,http://yubio.dk/booklinks.html?id=35_B5
35.B6,https://youtu.be/iavDjC1Y7MA,http://yubio.dk/booklinks.html?id=35_B6
35.B7,https://youtu.be/J4xuQpCpbvw,http://yubio.dk/booklinks.html?id=35_B7
35.B8,https://youtu.be/ZkueHyv-2y0,http://yubio.dk/booklinks.html?id=35_B8
35.B9,https://youtu.be/8YZFFWF_cf8,http://yubio.dk/booklinks.html?id=35_B9
35.B10,https://youtu.be/ILsdF7QiGs0,http://yubio.dk/booklinks.html?id=35_B10
35.B11,https://youtu.be/2CIro9M49rU,http://yubio.dk/booklinks.html?id=35_B11
35.B12,https://youtu.be/fvDvuTyAW78,http://yubio.dk/booklinks.html?id=35_B12
35.B13,https://youtu.be/SWOCPeKmBBw,http://yubio.dk/booklinks.html?id=35_B13
36.A1,https://youtu.be/ZOz9pavhX2I,http://yubio.dk/booklinks.html?id=36_A1
36.A2,https://youtu.be/a_9gvA6FuHY,http://yubio.dk/booklinks.html?id=36_A2
36.A3,https://youtu.be/M3fzlI5UTeQ,http://yubio.dk/booklinks.html?id=36_A3
36.A4,https://youtu.be/4sLRmnx8l6M,http://yubio.dk/booklinks.html?id=36_A4
36.A5,https://youtu.be/Vgm2Ywibzu0,http://yubio.dk/booklinks.html?id=36_A5
36.B1,https://youtu.be/jTpQz89m3WY,http://yubio.dk/booklinks.html?id=36_B1
36.B2,https://youtu.be/g1pm8v60SW8,http://yubio.dk/booklinks.html?id=36_B2
36.B3,https://youtu.be/alJA1toq32U,http://yubio.dk/booklinks.html?id=36_B3
36.B4,https://youtu.be/Y5GY_VXdl2I,http://yubio.dk/booklinks.html?id=36_B4
36.B5,https://youtu.be/vbvRKgrmHLU,http://yubio.dk/booklinks.html?id=36_B5
36.B6,https://youtu.be/n1jpJfemd8c,http://yubio.dk/booklinks.html?id=36_B6
36.B7,https://youtu.be/_RNAF6rxe6M,http://yubio.dk/booklinks.html?id=36_B7
36.B8,https://youtu.be/jMVYZV1SGKA,http://yubio.dk/booklinks.html?id=36_B8
36.B9,https://youtu.be/S5Tx29aW1F8,http://yubio.dk/booklinks.html?id=36_B9
36.B10,https://youtu.be/M8yzU8bt02c,http://yubio.dk/booklinks.html?id=36_B10
36.B11,https://youtu.be/3r2Sim-B50w,http://yubio.dk/booklinks.html?id=36_B11
36.C1,https://youtu.be/U1bR85UW688,http://yubio.dk/booklinks.html?id=36_C1
36.C2,https://youtu.be/xqeAuXCIt1g,http://yubio.dk/booklinks.html?id=36_C2
36.C3,https://youtu.be/6CxYfqWBGn0,http://yubio.dk/booklinks.html?id=36_C3
36.C4,https://youtu.be/PFyP3eQQvDE,http://yubio.dk/booklinks.html?id=36_C4
36.D1,https://youtu.be/339C6PjpDKE,http://yubio.dk/booklinks.html?id=36_D1
36.D2,https://youtu.be/PBv_J8yQAp4,http://yubio.dk/booklinks.html?id=36_D2
Drejebogsvideo,https://youtu.be/bqphOH1Js3o,http://yubio.dk/booklinks.html?id=Drejebogsvideo
