Kort intro,https://youtu.be/X-sIpkffZ_0,http://yubio.dk/booklinks.html?id=0
Lang intro,https://youtu.be/sztUCBT3jc8,http://yubio.dk/booklinks.html?id=1
Figur 1.13,https://youtu.be/kRtGn_l18YY,http://yubio.dk/booklinks.html?id=2
11. Tæmninger,https://youtu.be/DmN1n-yoXao,http://yubio.dk/booklinks.html?id=3
11. Indersideafleveringer,https://youtu.be/z1SUUC86OqY,http://yubio.dk/booklinks.html?id=4
11. Halvliggende vristspark,https://youtu.be/O53KROe_jM8,http://yubio.dk/booklinks.html?id=5
11. Finter,https://youtu.be/LiOTyz1dkns,http://yubio.dk/booklinks.html?id=6
11.A3,https://youtu.be/LHYXIvFv_2I,http://yubio.dk/booklinks.html?id=7
11.A7,https://youtu.be/yY7rsSjRz6E,http://yubio.dk/booklinks.html?id=8
11.A9,https://youtu.be/BujqHc4pGdE,http://yubio.dk/booklinks.html?id=9
11.A10,https://youtu.be/9ByMeUUfCbQ,http://yubio.dk/booklinks.html?id=10
11.A11,https://youtu.be/xU89GasCzhw,http://yubio.dk/booklinks.html?id=11
11.A12,https://youtu.be/THVQKtaqiE8,http://yubio.dk/booklinks.html?id=12
11.A13,https://youtu.be/a-eSCdM8Lzg,http://yubio.dk/booklinks.html?id=13
11.A14,https://youtu.be/NJwsUK5MNhQ,http://yubio.dk/booklinks.html?id=14
11.A15,https://youtu.be/Ur9nBDO0o50,http://yubio.dk/booklinks.html?id=15
11.A16,https://youtu.be/eN6Q4wrszog,http://yubio.dk/booklinks.html?id=16
11.A17,https://youtu.be/X5FM1z4XPWM,http://yubio.dk/booklinks.html?id=17
11.B1,https://youtu.be/hVFKEqD8V9w,http://yubio.dk/booklinks.html?id=18
11.B2,https://youtu.be/sjN_hTN6NMI,http://yubio.dk/booklinks.html?id=19
11.B5,https://youtu.be/Bv3oFEdDprI,http://yubio.dk/booklinks.html?id=20
11.B7,https://youtu.be/U85cUCkIDkc,http://yubio.dk/booklinks.html?id=21
11.B8,https://youtu.be/d9xBmAVjRug,http://yubio.dk/booklinks.html?id=22
11.B9,https://youtu.be/oxgRL6Sa5oo,http://yubio.dk/booklinks.html?id=23
11.B11,https://youtu.be/gRMXYA0EoRM,http://yubio.dk/booklinks.html?id=24
11.C4,https://youtu.be/y_ggaxuwzZ4,http://yubio.dk/booklinks.html?id=25
11.C5,https://youtu.be/jU-OMnWX5i8,http://yubio.dk/booklinks.html?id=26
11.C6,https://youtu.be/2-ELleaR6_s,http://yubio.dk/booklinks.html?id=27
11.C7,https://youtu.be/5LvjxyBlU3c,http://yubio.dk/booklinks.html?id=28
11.C12,https://youtu.be/89oms0sWR1A,http://yubio.dk/booklinks.html?id=29
11.D4,https://youtu.be/KVhaJ_eThbU,http://yubio.dk/booklinks.html?id=30
12. Driblinger,https://youtu.be/3H8CknOsiKI,http://yubio.dk/booklinks.html?id=31
12. Afleveringer,https://youtu.be/Fg2cp3bBMNo,http://yubio.dk/booklinks.html?id=32
12. Skud,https://youtu.be/x9DG8OJcpBk,http://yubio.dk/booklinks.html?id=33
12. Lay up,https://youtu.be/lnUmijG3dX0,http://yubio.dk/booklinks.html?id=34
12.A9,https://youtu.be/_koMKTvYEYU,http://yubio.dk/booklinks.html?id=35
12.B2,https://youtu.be/50xBQRNKC3k,http://yubio.dk/booklinks.html?id=36
12.B4,https://youtu.be/DQAYV7xzh4I,http://yubio.dk/booklinks.html?id=37
12.B5,https://youtu.be/xAJ_GDZa5S4,http://yubio.dk/booklinks.html?id=38
12.B10,https://youtu.be/Wb1ai4wwvF0,http://yubio.dk/booklinks.html?id=39
12.C1,https://youtu.be/v0yRbxRyOF0,http://yubio.dk/booklinks.html?id=40
12.C2,https://youtu.be/DDyjj7ZMeWs,http://yubio.dk/booklinks.html?id=41
12.C3,https://youtu.be/quPZpD3BjEk,http://yubio.dk/booklinks.html?id=42
12.C4,https://youtu.be/GT9mIBiK5pE,http://yubio.dk/booklinks.html?id=43
12.C5,https://youtu.be/o-zXwvTU6Jw,http://yubio.dk/booklinks.html?id=44
12.C6,https://youtu.be/bid4s5eTJ5Y,http://yubio.dk/booklinks.html?id=45
12.D8,https://youtu.be/5L3x_pcQkzs,http://yubio.dk/booklinks.html?id=46
13. Baggerslag,https://youtu.be/ak487gBu62A,http://yubio.dk/booklinks.html?id=47
13. Fingerslag,https://youtu.be/jQtRvln84GQ,http://yubio.dk/booklinks.html?id=48
13. Smash,https://youtu.be/TJb5yn4Gpz4,http://yubio.dk/booklinks.html?id=49
13. Underhåndsserv,https://youtu.be/8cBMV-y1REo,http://yubio.dk/booklinks.html?id=50
13. Overhåndsserv,https://youtu.be/sg7pOfbPY5E,http://yubio.dk/booklinks.html?id=51
13. Blokade,https://youtu.be/S8UQ1FvUtiA,http://yubio.dk/booklinks.html?id=52
13.A2,https://youtu.be/z94S_kaILDM,http://yubio.dk/booklinks.html?id=53
13.A9,https://youtu.be/x7t4VymVMB4,http://yubio.dk/booklinks.html?id=54
13.B5,https://youtu.be/a14wLc6s96Q,http://yubio.dk/booklinks.html?id=55
13.B6,https://youtu.be/FK2nrinoOoc,http://yubio.dk/booklinks.html?id=56
13.B7,https://youtu.be/M3AXhsl-PBE,http://yubio.dk/booklinks.html?id=57
13.B8,https://youtu.be/oQVW65dwplo,http://yubio.dk/booklinks.html?id=58
13.B9,https://youtu.be/UX4nfjw2q14,http://yubio.dk/booklinks.html?id=59
13.B10,https://youtu.be/borZ2p_0vF4,http://yubio.dk/booklinks.html?id=60
13.B12,https://youtu.be/kD79Jv_NvZA,http://yubio.dk/booklinks.html?id=61
13.B14,https://youtu.be/PkPCH_Pydkc,http://yubio.dk/booklinks.html?id=62
13.B15,https://youtu.be/Bvfv7YLmVDY,http://yubio.dk/booklinks.html?id=63
13.C1,https://youtu.be/mAna47YqZpI,http://yubio.dk/booklinks.html?id=64
13.C3,https://youtu.be/STDyZaj8kHw,http://yubio.dk/booklinks.html?id=65
13.C9,https://youtu.be/4h1B89YjUsg,http://yubio.dk/booklinks.html?id=66
13.C10,https://youtu.be/7RUgHj-qukc,http://yubio.dk/booklinks.html?id=67
13.C11,https://youtu.be/kUXcCTi7UlY,http://yubio.dk/booklinks.html?id=68
13.D1,https://youtu.be/oAd2LH5lX1E,http://yubio.dk/booklinks.html?id=69
13.D5,https://youtu.be/pYZ_iwcJ36o,http://yubio.dk/booklinks.html?id=70
14. Greb,https://youtu.be/jyTpH-9sXgA,http://yubio.dk/booklinks.html?id=71
14. Aflevering/trækskud,https://youtu.be/u7DQANt_TYc,http://yubio.dk/booklinks.html?id=72
14. Dribling,https://youtu.be/VNQvGdwYdss,http://yubio.dk/booklinks.html?id=73
14. Håndledsskud,https://youtu.be/T52AMpbQIoI,http://yubio.dk/booklinks.html?id=74
14.B2,https://youtu.be/1pQtk6yLic8,http://yubio.dk/booklinks.html?id=75
14.B3,https://youtu.be/iRvs1n-upuM,http://yubio.dk/booklinks.html?id=76
14.B6,https://youtu.be/DCwBuDIiUfc,http://yubio.dk/booklinks.html?id=77
14.B11,https://youtu.be/J6tDNAasMzA,http://yubio.dk/booklinks.html?id=78
14.C6,https://youtu.be/qwZAaZdjfs0,http://yubio.dk/booklinks.html?id=79
14.C7,https://youtu.be/MSJq7V_YmRI,http://yubio.dk/booklinks.html?id=80
14.C9,https://youtu.be/NV7hkryxB-E,http://yubio.dk/booklinks.html?id=81
14.C10,https://youtu.be/6n1Tgjx4BmI,http://yubio.dk/booklinks.html?id=82
14.C11,https://youtu.be/R-WjnxzIOwM,http://yubio.dk/booklinks.html?id=83
14.C12,https://youtu.be/VfPwmy9b-O8,http://yubio.dk/booklinks.html?id=84
14.C13,https://youtu.be/S1ii0sh-9HQ,http://yubio.dk/booklinks.html?id=85
14.D9,https://youtu.be/gIe6My3Jxho,http://yubio.dk/booklinks.html?id=86
15. Baghånd,https://youtu.be/xKLCJQ6FoxA,http://yubio.dk/booklinks.html?id=87
15. Forhånd,https://youtu.be/QMPnhCHktug,http://yubio.dk/booklinks.html?id=88
15. Hammerkast,https://youtu.be/eMakbkWhluk,http://yubio.dk/booklinks.html?id=89
15. Gribe,https://youtu.be/Y0liaKerkUk,http://yubio.dk/booklinks.html?id=90
15.A9,https://youtu.be/f9Qsb9G8VN0,http://yubio.dk/booklinks.html?id=91
15.B16,https://youtu.be/SpFYXes60rc,http://yubio.dk/booklinks.html?id=92
15.C1,https://youtu.be/sq2rVSt4qNc,http://yubio.dk/booklinks.html?id=93
15.C4,https://youtu.be/uaK0C4Q90q0,http://yubio.dk/booklinks.html?id=94
15.C6,https://youtu.be/acgBL3QPB-s,http://yubio.dk/booklinks.html?id=95
16. Kaste,https://youtu.be/TJm2fLEeh2M,http://yubio.dk/booklinks.html?id=96
16. Gribe,https://youtu.be/JvV-xsNuhGw,http://yubio.dk/booklinks.html?id=97
16. Out & in,https://youtu.be/CHAcrlxIGKg,http://yubio.dk/booklinks.html?id=98
16. Hook & fly,https://youtu.be/k4DLAopSQmw,http://yubio.dk/booklinks.html?id=99
16. Comeback & post,https://youtu.be/4nn9xh_qFg0,http://yubio.dk/booklinks.html?id=100
16. Handoff,https://youtu.be/nU-jzpIdFTI,http://yubio.dk/booklinks.html?id=101
16. Snap,https://youtu.be/2-GxZl61Zhw,http://yubio.dk/booklinks.html?id=102
16.A3,https://youtu.be/mOmjXrtrjvk,http://yubio.dk/booklinks.html?id=103
16.B1,https://youtu.be/ljKrWB_h01s,http://yubio.dk/booklinks.html?id=104
16.B2,https://youtu.be/ZqOt3xodH1c,http://yubio.dk/booklinks.html?id=105
16.B3,https://youtu.be/O7UYkv5uE-o,http://yubio.dk/booklinks.html?id=106
16.B4,https://youtu.be/nGu2QXpJT9I,http://yubio.dk/booklinks.html?id=107
16.B5,https://youtu.be/Ns2-mrBK0jw,http://yubio.dk/booklinks.html?id=108
16.B6,https://youtu.be/4eYmIf-RugE,http://yubio.dk/booklinks.html?id=109
16.C2,https://youtu.be/JxrdpgM_39c,http://yubio.dk/booklinks.html?id=110
16.C3,https://youtu.be/DFvH6WVuCoU,http://yubio.dk/booklinks.html?id=111
16.C4,https://youtu.be/bKbIt_GDuF0,http://yubio.dk/booklinks.html?id=112
16.C5,https://youtu.be/nsa8xcp1TI4,http://yubio.dk/booklinks.html?id=113
22. Teknik 3,https://youtu.be/KIiFFeyD9Nw,http://yubio.dk/booklinks.html?id=114
22. Teknik 4,https://youtu.be/ELlYC0iwx1U,http://yubio.dk/booklinks.html?id=115
22. Teknik 5,https://youtu.be/kcbgWajub5Y,http://yubio.dk/booklinks.html?id=116
22. Teknik 6,https://youtu.be/x0EY1Pqf9TE,http://yubio.dk/booklinks.html?id=117
22.A3,https://youtu.be/YtTIp9Usl_E,http://yubio.dk/booklinks.html?id=118
22.B1,https://youtu.be/ilT8FSjMB0g,http://yubio.dk/booklinks.html?id=119
22.B2,https://youtu.be/aQrb69lLCT4,http://yubio.dk/booklinks.html?id=120
22.B4,https://youtu.be/ogDbgeaViDw,http://yubio.dk/booklinks.html?id=121
22.B5,https://youtu.be/fLP6qi8zM_I,http://yubio.dk/booklinks.html?id=122
22. Teknik 7,https://youtu.be/Q88LmqJdP4w,http://yubio.dk/booklinks.html?id=123
22. Teknik 8,https://youtu.be/RjjGJSjcbE0,http://yubio.dk/booklinks.html?id=124
22. Teknik 9,https://youtu.be/i3PKAxrjGPE,http://yubio.dk/booklinks.html?id=125
22. Teknik 10,https://youtu.be/3B6WQdJZrUk,http://yubio.dk/booklinks.html?id=126
22. Teknik 11,https://youtu.be/opCOPfn5DSc,http://yubio.dk/booklinks.html?id=127
22. Teknik 12,https://youtu.be/VCS_yLhLsQ0,http://yubio.dk/booklinks.html?id=128
22.C1,https://youtu.be/fagsUhgAwzE,http://yubio.dk/booklinks.html?id=129
22.C2,https://youtu.be/HsxnTdSG5IA,http://yubio.dk/booklinks.html?id=130
22.C3,https://youtu.be/PeOLLPJx2v4,http://yubio.dk/booklinks.html?id=131
22.C4,https://youtu.be/0KCd6yn4Bzw,http://yubio.dk/booklinks.html?id=132
22.C5,https://youtu.be/MW572JQeaA0,http://yubio.dk/booklinks.html?id=133
22. Teknik 13,https://youtu.be/d20RwIgqf8M,http://yubio.dk/booklinks.html?id=134
22. Teknik 14,https://youtu.be/Ay36Js0YQwU,http://yubio.dk/booklinks.html?id=135
22. Teknik 15,https://youtu.be/DglQMS1nses,http://yubio.dk/booklinks.html?id=136
22. Teknik 16,https://youtu.be/NfouGRVRMJM,http://yubio.dk/booklinks.html?id=137
22. Teknik 17,https://youtu.be/0uIKWi_AthQ,http://yubio.dk/booklinks.html?id=138
22. Teknik 18,https://youtu.be/9xy-8O_2SkY,http://yubio.dk/booklinks.html?id=139
22.D1,https://youtu.be/rTUbC1kxZHc,http://yubio.dk/booklinks.html?id=140
22.D2,https://youtu.be/grYGJxFAyv4,http://yubio.dk/booklinks.html?id=141
22.D3,https://youtu.be/lmJF0S9Cct8,http://yubio.dk/booklinks.html?id=142
22.D4,https://youtu.be/MvzNgriWln0,http://yubio.dk/booklinks.html?id=143
22.D5,https://youtu.be/K85sgEfylH8,http://yubio.dk/booklinks.html?id=144
22.D6,https://youtu.be/7e6hLBSgK1A,http://yubio.dk/booklinks.html?id=145
22.E5,https://youtu.be/bE62XRMDNrE,http://yubio.dk/booklinks.html?id=146
22.E6,https://youtu.be/t5IvLWG8D38,http://yubio.dk/booklinks.html?id=147
22.E7,https://youtu.be/k_9A0xzNBio,http://yubio.dk/booklinks.html?id=148
22.E8,https://youtu.be/eIgg6wxjzZI,http://yubio.dk/booklinks.html?id=149
22.E9,https://youtu.be/RNMe4OKTuOE,http://yubio.dk/booklinks.html?id=150
22.E10,https://youtu.be/59HmqWBuVew,http://yubio.dk/booklinks.html?id=151
22.E11,https://youtu.be/lM9XHUiy4ZY,http://yubio.dk/booklinks.html?id=152
Figur 23.3,https://youtu.be/KtT4rCUA9ys,http://yubio.dk/booklinks.html?id=153
Figur 23.5,https://youtu.be/E8i8BJ_UiCc,http://yubio.dk/booklinks.html?id=154
Figur 23.6,https://youtu.be/NhLGUb9O41Y,http://yubio.dk/booklinks.html?id=155
23.A1,https://youtu.be/dzmZ9rzjSt8,http://yubio.dk/booklinks.html?id=156
23.A2,https://youtu.be/FU4wLD5nc3o,http://yubio.dk/booklinks.html?id=157
23.A3,https://youtu.be/y18u2UImeZU,http://yubio.dk/booklinks.html?id=158
23.A5,https://youtu.be/imxwJ7jozJ0,http://yubio.dk/booklinks.html?id=159
23.A6,https://youtu.be/O8vxCmrs7E8,http://yubio.dk/booklinks.html?id=160
23.C1,https://youtu.be/UVTJg8tVpbc,http://yubio.dk/booklinks.html?id=161
23.C2,https://youtu.be/dVNZZEHEZ2A,http://yubio.dk/booklinks.html?id=162
23.C3,https://youtu.be/5Ag1T9MAwCg,http://yubio.dk/booklinks.html?id=163
23.C4,https://youtu.be/SSoK2bPqsrY,http://yubio.dk/booklinks.html?id=164
23.C5,https://youtu.be/2smZ0fVPsJk,http://yubio.dk/booklinks.html?id=165
23.C6,https://youtu.be/CI2S1MXxuTw,http://yubio.dk/booklinks.html?id=166
23.D1,https://youtu.be/zaD-uIg6lCo,http://yubio.dk/booklinks.html?id=167
23.D2,https://youtu.be/pXEQypWJmo8,http://yubio.dk/booklinks.html?id=168
23.D3,https://youtu.be/aNYdsLHEOz8,http://yubio.dk/booklinks.html?id=169
23.E1,https://youtu.be/pEMXdVBUgtE,http://yubio.dk/booklinks.html?id=170
23.E2,https://youtu.be/QYCKlwyG8Oo,http://yubio.dk/booklinks.html?id=171
23.E3,https://youtu.be/Tnjbqv4Suos,http://yubio.dk/booklinks.html?id=172
23.E4,https://youtu.be/bO1y0KN2ZUk,http://yubio.dk/booklinks.html?id=173
23.F1,https://youtu.be/OXlKffevoSI,http://yubio.dk/booklinks.html?id=174
23.F2,https://youtu.be/7mSgAyC1M1A,http://yubio.dk/booklinks.html?id=175
23.F3,https://youtu.be/8yPu0e76OwE,http://yubio.dk/booklinks.html?id=176
23.F4,https://youtu.be/VRnAK_dkZ3E,http://yubio.dk/booklinks.html?id=177
23.F5,https://youtu.be/HuyMK68WSMc,http://yubio.dk/booklinks.html?id=178
23.F6,https://youtu.be/XlODfnE82K4,http://yubio.dk/booklinks.html?id=179
23.G1,https://youtu.be/PRn6QAvyxpk,http://yubio.dk/booklinks.html?id=180
23.G2,https://youtu.be/s2_vt6_orUM,http://yubio.dk/booklinks.html?id=181
23.G3,https://youtu.be/a_902FF6A68,http://yubio.dk/booklinks.html?id=182
24.A9,https://youtu.be/bmT--iOfpOc,http://yubio.dk/booklinks.html?id=183
24.A17,https://youtu.be/ofhhD6TU0LM,http://yubio.dk/booklinks.html?id=184
24.A18,https://youtu.be/BiiotxRlBz4,http://yubio.dk/booklinks.html?id=185
24.A19,https://youtu.be/D2-wmGYbWhA,http://yubio.dk/booklinks.html?id=186
24.A20,https://youtu.be/zQX2a69aeV4,http://yubio.dk/booklinks.html?id=187
24.A21,https://youtu.be/A2jDiBzDlsA,http://yubio.dk/booklinks.html?id=188
24.A22,https://youtu.be/8XB-JHKWarA,http://yubio.dk/booklinks.html?id=189
23.B8,https://youtu.be/YuQgw9fWLSs,http://yubio.dk/booklinks.html?id=190
24.B10,https://youtu.be/RzhN59dPKsY,http://yubio.dk/booklinks.html?id=191
24.B14,https://youtu.be/XFUYOTEVGXc,http://yubio.dk/booklinks.html?id=192
24.C3,https://youtu.be/qN6g4h8eX2I,http://yubio.dk/booklinks.html?id=193
24.C4,https://youtu.be/a2WjZ2riZvw,http://yubio.dk/booklinks.html?id=194
24.C5,https://youtu.be/FcpLd7FVPvc,http://yubio.dk/booklinks.html?id=195
24.C6,https://youtu.be/STCDBqGzhuQ,http://yubio.dk/booklinks.html?id=196
24.C9,https://youtu.be/32bvXsMniDs,http://yubio.dk/booklinks.html?id=197
24.C10,https://youtu.be/ip3BGugY4ls,http://yubio.dk/booklinks.html?id=198
24.D1,https://youtu.be/dRxrs83wxdM,http://yubio.dk/booklinks.html?id=199
24.D2,https://youtu.be/DLFnA-ElhnA,http://yubio.dk/booklinks.html?id=200
25.A1,https://youtu.be/Q_bdO_TGZZs,http://yubio.dk/booklinks.html?id=201
25.A2,https://youtu.be/BkB8yNcHAik,http://yubio.dk/booklinks.html?id=202
25.A3,https://youtu.be/qC9z2zUMv74,http://yubio.dk/booklinks.html?id=203
25.A4,https://youtu.be/nXdj8Y9wMKE,http://yubio.dk/booklinks.html?id=204
25.A5,https://youtu.be/1Wc-h8EmIS8,http://yubio.dk/booklinks.html?id=205
25.A6,https://youtu.be/C99i4ziYKTY,http://yubio.dk/booklinks.html?id=206
25.A7,https://youtu.be/mM7wcR_xOgA,http://yubio.dk/booklinks.html?id=207
25.A8,https://youtu.be/sOXFCoxkjlA,http://yubio.dk/booklinks.html?id=208
25.A9,https://youtu.be/uqeFNYNEOaw,http://yubio.dk/booklinks.html?id=209
25.A10,https://youtu.be/2_qx9PQvQIc,http://yubio.dk/booklinks.html?id=210
25.A11,https://youtu.be/kTIlrTPTgSY,http://yubio.dk/booklinks.html?id=211
25.A12,https://youtu.be/TCKPzEChtlE,http://yubio.dk/booklinks.html?id=212
25.A13,https://youtu.be/L6pFw4sgw6E,http://yubio.dk/booklinks.html?id=213
25.A14,https://youtu.be/1L4i19z_SXY,http://yubio.dk/booklinks.html?id=214
25.B1,https://youtu.be/aw8j4l_P5ho,http://yubio.dk/booklinks.html?id=215
25.B2,https://youtu.be/NIB1xTp5XbU,http://yubio.dk/booklinks.html?id=216
25.B3,https://youtu.be/3ens2Hsq_v8,http://yubio.dk/booklinks.html?id=217
25.B4,https://youtu.be/SNs7dUGBxE8,http://yubio.dk/booklinks.html?id=218
25.B5,https://youtu.be/9zGdOcq5xgA,http://yubio.dk/booklinks.html?id=219
25.C1,https://youtu.be/iHPcmhShGf0,http://yubio.dk/booklinks.html?id=220
25.C2,https://youtu.be/TXrFMP4DZP0,http://yubio.dk/booklinks.html?id=221
25.C3,https://youtu.be/FZVD2alZUF8,http://yubio.dk/booklinks.html?id=222
25.C4,https://youtu.be/Nu2Pfgwxa6k,http://yubio.dk/booklinks.html?id=223
25.C5,https://youtu.be/WLNsdgY541k,http://yubio.dk/booklinks.html?id=224
25.C6,https://youtu.be/iEPtRo1o3bE,http://yubio.dk/booklinks.html?id=225
25.C7,https://youtu.be/l_HxuddZGrY,http://yubio.dk/booklinks.html?id=226
25.C8,https://youtu.be/KOpT04EjNlY,http://yubio.dk/booklinks.html?id=227
25. Balance,https://youtu.be/_YO_EVj-y_8,http://yubio.dk/booklinks.html?id=228
26. Jumps,https://youtu.be/Au2v9s4aoBg,http://yubio.dk/booklinks.html?id=229
26. Rails,https://youtu.be/UfskN5uTiYA,http://yubio.dk/booklinks.html?id=230
26. Vaults,https://youtu.be/3xVQqx6lwVs,http://yubio.dk/booklinks.html?id=231
26.B2,https://youtu.be/qKZQ2kwPcQk,http://yubio.dk/booklinks.html?id=232
26.B3,https://youtu.be/SjN3VF-5rM0,http://yubio.dk/booklinks.html?id=233
26.B4,https://youtu.be/s9ShfV6z8-w,http://yubio.dk/booklinks.html?id=234
26.B5,https://youtu.be/l5grLJuovM4,http://yubio.dk/booklinks.html?id=235
26.B6,https://youtu.be/lg2PrPSEdB8,http://yubio.dk/booklinks.html?id=236
26.B7,https://youtu.be/JCtkQ1wqx_k,http://yubio.dk/booklinks.html?id=237
26.B8,https://youtu.be/S0ucTlvJPS0,http://yubio.dk/booklinks.html?id=238
26.B9,https://youtu.be/CRG6NCsWoZQ,http://yubio.dk/booklinks.html?id=239
26.B10,https://youtu.be/cNBG7vXfdOE,http://yubio.dk/booklinks.html?id=240
26.B11,https://youtu.be/XR97mYDTCaA,http://yubio.dk/booklinks.html?id=241
26.B12,https://youtu.be/Sg35wRBrWxg,http://yubio.dk/booklinks.html?id=242
26.C1,https://youtu.be/SwTkQZf6JaY,http://yubio.dk/booklinks.html?id=243
26.C2,https://youtu.be/m6h6J2dcRJQ,http://yubio.dk/booklinks.html?id=244
26.C3,https://youtu.be/qQwuML08lVE,http://yubio.dk/booklinks.html?id=245
26.C4,https://youtu.be/pB2nyQ6yJtY,http://yubio.dk/booklinks.html?id=246
26.C5,https://youtu.be/Nrt2Le7QkK0,http://yubio.dk/booklinks.html?id=247
26.C6,https://youtu.be/b8FFulDaTow,http://yubio.dk/booklinks.html?id=248
26.C7,https://youtu.be/ybYI2YtWCaI,http://yubio.dk/booklinks.html?id=249
26.D1,https://youtu.be/Y4kXi_bux3k,http://yubio.dk/booklinks.html?id=250
26.D2,https://youtu.be/WRcUgQ8SYBc,http://yubio.dk/booklinks.html?id=251
26.D3,https://youtu.be/GGky-frFFFM,http://yubio.dk/booklinks.html?id=252
26.D4,https://youtu.be/qi1f1qZXd-0,http://yubio.dk/booklinks.html?id=253
26.D5,https://youtu.be/ZxXRkPxL6UA,http://yubio.dk/booklinks.html?id=254
26.D6,https://youtu.be/TrgslUzJCSE,http://yubio.dk/booklinks.html?id=255
26.D7,https://youtu.be/AN9LQAQwZ9U,http://yubio.dk/booklinks.html?id=256
26.D8,https://youtu.be/H25ytUKRpO4,http://yubio.dk/booklinks.html?id=257
27.A1,https://youtu.be/CklOpCVFqbA,http://yubio.dk/booklinks.html?id=258
27.A2,https://youtu.be/RQJ9Q85ZnVM,http://yubio.dk/booklinks.html?id=259
27.A3,https://youtu.be/l3s8XxwaTq4,http://yubio.dk/booklinks.html?id=260
27.A4,https://youtu.be/wpcLK0Jfc04,http://yubio.dk/booklinks.html?id=261
27.A5,https://youtu.be/SOlxNZzyLyg,http://yubio.dk/booklinks.html?id=262
27.A6,https://youtu.be/UfkiT8TpylA,http://yubio.dk/booklinks.html?id=263
27.A7,https://youtu.be/lvsjUXzswxI,http://yubio.dk/booklinks.html?id=264
27.A8,https://youtu.be/iOanSUWZFlk,http://yubio.dk/booklinks.html?id=265
27.A11,https://youtu.be/PAicMb3AlrM,http://yubio.dk/booklinks.html?id=266
27.B1,https://youtu.be/fmO_AI2q2jU,http://yubio.dk/booklinks.html?id=267
27.B2,https://youtu.be/_yib8kmnBA4,http://yubio.dk/booklinks.html?id=268
27.B3,https://youtu.be/A7ARty_ncOM,http://yubio.dk/booklinks.html?id=269
27.B4,https://youtu.be/VfwB4aw9cmg,http://yubio.dk/booklinks.html?id=270
27.B5,https://youtu.be/0VLcOajlGIk,http://yubio.dk/booklinks.html?id=271
27.B6,https://youtu.be/RsK5Cz7E2p0,http://yubio.dk/booklinks.html?id=272
27.C1,https://youtu.be/LaY3lKWwWNo,http://yubio.dk/booklinks.html?id=273
27.C2,https://youtu.be/d175T7rFL-U,http://yubio.dk/booklinks.html?id=274
27.C3,https://youtu.be/9s4l5dTCKCw,http://yubio.dk/booklinks.html?id=275
27.C4,https://youtu.be/1Evk0nj_bHU,http://yubio.dk/booklinks.html?id=276
27.C5,https://youtu.be/pnSn2zWwZWg,http://yubio.dk/booklinks.html?id=277
27.C6,https://youtu.be/tgJpzFdlMNI,http://yubio.dk/booklinks.html?id=278
27.C7,https://youtu.be/R8lgbNojcSc,http://yubio.dk/booklinks.html?id=279
27.C8,https://youtu.be/ifIb-Mf-Wbc,http://yubio.dk/booklinks.html?id=280
27.C9,https://youtu.be/jESL_yHfYwE,http://yubio.dk/booklinks.html?id=281
27.C10,https://youtu.be/0DP4_c2Hj6c,http://yubio.dk/booklinks.html?id=282
27.C11,https://youtu.be/AZc8TAyXjwE,http://yubio.dk/booklinks.html?id=283
27.C12,https://youtu.be/ZstPDVkFLi4,http://yubio.dk/booklinks.html?id=284
27.C13,https://youtu.be/FSSTRmCDlrk,http://yubio.dk/booklinks.html?id=285
27.C14,https://youtu.be/Zd54fB47PE0,http://yubio.dk/booklinks.html?id=286
27.C15,https://youtu.be/vuZ4WMW0uRg,http://yubio.dk/booklinks.html?id=287
27.C16,https://youtu.be/xVrzBb_oYYI,http://yubio.dk/booklinks.html?id=288
27.C17,https://youtu.be/Y0-s7BaKCiA,http://yubio.dk/booklinks.html?id=289
27.C18,https://youtu.be/rd4IuyyKTAo,http://yubio.dk/booklinks.html?id=290
27.C19,https://youtu.be/NiVAwm534xY,http://yubio.dk/booklinks.html?id=291
27.C21,https://youtu.be/wHRK3Gllid0,http://yubio.dk/booklinks.html?id=292
27.D1,https://youtu.be/2mWwnLorwWI,http://yubio.dk/booklinks.html?id=293
27.D2,https://youtu.be/EBQRyLfF8Xc,http://yubio.dk/booklinks.html?id=294
27.D3,https://youtu.be/570oqKJRja0,http://yubio.dk/booklinks.html?id=295
27.D4,https://youtu.be/KGMtuaWtIa0,http://yubio.dk/booklinks.html?id=296
27.D5,https://youtu.be/S8lwx2T9zaA,http://yubio.dk/booklinks.html?id=297
27.D6,https://youtu.be/2LXYGCYT7GA,http://yubio.dk/booklinks.html?id=298
27.D7,https://youtu.be/tNQd7KXCfZ4,http://yubio.dk/booklinks.html?id=299
27.D8,https://youtu.be/mwo5eIaerCI,http://yubio.dk/booklinks.html?id=300
27.D9,https://youtu.be/IcU0ZUWFWnA,http://yubio.dk/booklinks.html?id=301
27.D10,https://youtu.be/owA2f_Pihqw,http://yubio.dk/booklinks.html?id=302
27.D11,https://youtu.be/wWSv2CcGaNc,http://yubio.dk/booklinks.html?id=303
27.D12,https://youtu.be/AbuzB4ozo2s,http://yubio.dk/booklinks.html?id=304
27.D13,https://youtu.be/GKrzA09ynSc,http://yubio.dk/booklinks.html?id=305
27.D14,https://youtu.be/SgSkvfiXqzw,http://yubio.dk/booklinks.html?id=306
27.D15,https://youtu.be/b5o_ryTgmrY,http://yubio.dk/booklinks.html?id=307
27.D16,https://youtu.be/RN5N4Nq7yso,http://yubio.dk/booklinks.html?id=308
27.D17,https://youtu.be/7ngJmXH_rik,http://yubio.dk/booklinks.html?id=309
27.D18,https://youtu.be/JJm0MZILR4Y,http://yubio.dk/booklinks.html?id=310
27.D19,https://youtu.be/8RD5oefPGEM,http://yubio.dk/booklinks.html?id=311
27.D20,https://youtu.be/we5qVMp7pSM,http://yubio.dk/booklinks.html?id=312
27.D21,https://youtu.be/LWu0TP3YFlU,http://yubio.dk/booklinks.html?id=313
28. Bænkpres,https://youtu.be/b5-rV8sPb-w,http://yubio.dk/booklinks.html?id=314
28. Squat,https://youtu.be/mjOhSewlC9Y,http://yubio.dk/booklinks.html?id=315
28. Dødløft,https://youtu.be/DKz4d2T5Ios,http://yubio.dk/booklinks.html?id=316
28. Snatch,https://youtu.be/SIPgGyoGwWA,http://yubio.dk/booklinks.html?id=317
28. Clean and jerk,https://youtu.be/JgsgacSwnF4,http://yubio.dk/booklinks.html?id=318
28.A1,https://youtu.be/viSKLQUnqP4,http://yubio.dk/booklinks.html?id=319
28.A2,https://youtu.be/CFiBDjEax3M,http://yubio.dk/booklinks.html?id=320
28.A3,https://youtu.be/TIxh4Egfxoo,http://yubio.dk/booklinks.html?id=321
28.A4,https://youtu.be/MS3Am14Y4Wg,http://yubio.dk/booklinks.html?id=322
28.A5,https://youtu.be/GxdzoyfdhBw,http://yubio.dk/booklinks.html?id=323
28.A6,https://youtu.be/CaBNPrYMSZ8,http://yubio.dk/booklinks.html?id=324
28.A7,https://youtu.be/PjWIQkPnkr4,http://yubio.dk/booklinks.html?id=325
28.A8,https://youtu.be/kzTHJQGtWTY,http://yubio.dk/booklinks.html?id=326
28.A9,https://youtu.be/AidIiiQQo4U,http://yubio.dk/booklinks.html?id=327
28.A10,https://youtu.be/74IgmnIjPxs,http://yubio.dk/booklinks.html?id=328
28.A11,https://youtu.be/E2xde-k2-IQ,http://yubio.dk/booklinks.html?id=329
28.A12,https://youtu.be/BPxAeoLz9ZI,http://yubio.dk/booklinks.html?id=330
28.A13,https://youtu.be/wu6thNheOZI,http://yubio.dk/booklinks.html?id=331
28.A14,https://youtu.be/_n-qYKtN0Hg,http://yubio.dk/booklinks.html?id=332
28.A15,https://youtu.be/DoVmzpGZG7E,http://yubio.dk/booklinks.html?id=333
28.A16,https://youtu.be/E-eVwcziEWg,http://yubio.dk/booklinks.html?id=334
28.A17,https://youtu.be/ebvEi9Namas,http://yubio.dk/booklinks.html?id=335
28.A18,https://youtu.be/2c5NXXAwE5s,http://yubio.dk/booklinks.html?id=336
28.B1,https://youtu.be/ySmwD4LQ7GA,http://yubio.dk/booklinks.html?id=337
28.B2,https://youtu.be/rcsxpskzPoI,http://yubio.dk/booklinks.html?id=338
28.B3,https://youtu.be/iID9qoMOtxA,http://yubio.dk/booklinks.html?id=339
28.B4,https://youtu.be/cD2JnGUWuzs,http://yubio.dk/booklinks.html?id=340
28.B5,https://youtu.be/_5k6Rw4CkyY,http://yubio.dk/booklinks.html?id=341
28.B6,https://youtu.be/YWUsJni79v8,http://yubio.dk/booklinks.html?id=342
28.B7,https://youtu.be/bS75J3-R9OU,http://yubio.dk/booklinks.html?id=343
28.B8,https://youtu.be/0KsIqtIybfA,http://yubio.dk/booklinks.html?id=344
28.B9,https://youtu.be/u8gec6zQYJo,http://yubio.dk/booklinks.html?id=345
28.B10,https://youtu.be/1TenJ6b2xRM,http://yubio.dk/booklinks.html?id=346
28.B11,https://youtu.be/j-8Jy9GZoiU,http://yubio.dk/booklinks.html?id=347
28.C1,https://youtu.be/4JVqoLXw0TI,http://yubio.dk/booklinks.html?id=348
28.C2,https://youtu.be/5AaG6IWSLLQ,http://yubio.dk/booklinks.html?id=349
28.C3,https://youtu.be/c2QwqCxYGHM,http://yubio.dk/booklinks.html?id=350
28.C4,https://youtu.be/HzqvTyKoaEg,http://yubio.dk/booklinks.html?id=351
28.C5,https://youtu.be/m6Wt3SM1Yrc,http://yubio.dk/booklinks.html?id=352
28.C6,https://youtu.be/v8KdzwUnCQQ,http://yubio.dk/booklinks.html?id=353
28.C7,https://youtu.be/EV0RlwNs3T4,http://yubio.dk/booklinks.html?id=354
28.C8,https://youtu.be/BNLgrDlUNHo,http://yubio.dk/booklinks.html?id=355
28.C9,https://youtu.be/Ckttrrsh4gQ,http://yubio.dk/booklinks.html?id=356
28.C10,https://youtu.be/bjkx8MQvmfU,http://yubio.dk/booklinks.html?id=357
28.C11,https://youtu.be/woF3HnEcnF8,http://yubio.dk/booklinks.html?id=358
28.C12,https://youtu.be/gWYe3hScjFU,http://yubio.dk/booklinks.html?id=359
28.D1,https://youtu.be/rUKSgoMz9mU,http://yubio.dk/booklinks.html?id=360
28.D2,https://youtu.be/2xjxhvTq_EE,http://yubio.dk/booklinks.html?id=361
28.D3,https://youtu.be/_EtWmz-RTTA,http://yubio.dk/booklinks.html?id=362
28.D4,https://youtu.be/SM2NxZyYJos,http://yubio.dk/booklinks.html?id=363
28.D5,https://youtu.be/IrRK-Paor6Y,http://yubio.dk/booklinks.html?id=364
28.D6,https://youtu.be/g_71XljNQjQ,http://yubio.dk/booklinks.html?id=365
28.E1,https://youtu.be/_lt4mPi1asU,http://yubio.dk/booklinks.html?id=366
28.E2,https://youtu.be/OnP_wRV1wHQ,http://yubio.dk/booklinks.html?id=367
28.E3,https://youtu.be/scY-4bc8kZ0,http://yubio.dk/booklinks.html?id=368
28.E4,https://youtu.be/3ohRwEYjT0A,http://yubio.dk/booklinks.html?id=369
28.E5,https://youtu.be/ycR9q4ryO5g,http://yubio.dk/booklinks.html?id=370
28.E6,https://youtu.be/QHImd2BsMXY,http://yubio.dk/booklinks.html?id=371
28.E7,https://youtu.be/38k1QesjoIk,http://yubio.dk/booklinks.html?id=372
28.E8,https://youtu.be/zkr4kQfT7ow,http://yubio.dk/booklinks.html?id=373
28.E9,https://youtu.be/lm-bj-4IWyE,http://yubio.dk/booklinks.html?id=374
28.E10,https://youtu.be/2SL0TZJ3fig,http://yubio.dk/booklinks.html?id=375
28.E11,https://youtu.be/cRPNXJfyihw,http://yubio.dk/booklinks.html?id=376
28.E12,https://youtu.be/NeFQlJpXdBw,http://yubio.dk/booklinks.html?id=377
28.F1,https://youtu.be/breur-Yu8RU,http://yubio.dk/booklinks.html?id=378
28.F2,https://youtu.be/ibQVfSghjA4,http://yubio.dk/booklinks.html?id=379
28.F3,https://youtu.be/fsHMQfLKHrs,http://yubio.dk/booklinks.html?id=380
28.F4,https://youtu.be/ca9UDwSQJEI,http://yubio.dk/booklinks.html?id=381
28.F5,https://youtu.be/IGFCdpv6CoY,http://yubio.dk/booklinks.html?id=382
28.F6,https://youtu.be/4ZlquugN5JY,http://yubio.dk/booklinks.html?id=383
28.F7,https://youtu.be/9NsKTeuEPkQ,http://yubio.dk/booklinks.html?id=384
28.F8,https://youtu.be/WZxIKvcMECo,http://yubio.dk/booklinks.html?id=385
28.F9,https://youtu.be/_gThflrbeQw,http://yubio.dk/booklinks.html?id=386
28.F10,https://youtu.be/h6mPxy_KwNw,http://yubio.dk/booklinks.html?id=387
28.F11,https://youtu.be/0VdSr26oiFI,http://yubio.dk/booklinks.html?id=388
28.F12,https://youtu.be/D-puK8Nct8Q,http://yubio.dk/booklinks.html?id=389
28.F13,https://youtu.be/RD8fKLcO31Q,http://yubio.dk/booklinks.html?id=390
28.F14,https://youtu.be/nk3dPumG8zA,http://yubio.dk/booklinks.html?id=391
29?,,http://yubio.dk/booklinks.html?id=392
Figur 30.3,https://youtu.be/uzYg1jRu58s,http://yubio.dk/booklinks.html?id=393
30.A1,https://youtu.be/NQ_VvJ7K-ao,http://yubio.dk/booklinks.html?id=394
30.A2,https://youtu.be/WEwiUdNFvbE,http://yubio.dk/booklinks.html?id=395
30.A3,https://youtu.be/SZMDtpKzlWs,http://yubio.dk/booklinks.html?id=396
30.A4,https://youtu.be/SY504RNNONI,http://yubio.dk/booklinks.html?id=397
30.A5,https://youtu.be/EGw58c5hjoY,http://yubio.dk/booklinks.html?id=398
30.A6,https://youtu.be/dK1_-1XX7bw,http://yubio.dk/booklinks.html?id=399
30.B1,https://youtu.be/0Fv3PelyLbQ,http://yubio.dk/booklinks.html?id=400
30.B2,https://youtu.be/XP9MD2yxOkA,http://yubio.dk/booklinks.html?id=401
30.B3,https://youtu.be/jEw93UsNX8Y,http://yubio.dk/booklinks.html?id=402
30.B4,https://youtu.be/Y3urXR6CIc8,http://yubio.dk/booklinks.html?id=403
30.B5,https://youtu.be/ho_n_HrWsd8,http://yubio.dk/booklinks.html?id=404
30.B6,https://youtu.be/k-4pS-YEVjQ,http://yubio.dk/booklinks.html?id=405
30.C1,https://youtu.be/TlD-JvJOYSk,http://yubio.dk/booklinks.html?id=406
30.C2,https://youtu.be/EYFP7OmZlpA,http://yubio.dk/booklinks.html?id=407
30.D1,https://youtu.be/0ezor5fsq_Q,http://yubio.dk/booklinks.html?id=408
30.D2,https://youtu.be/zxFWTzoD6Tk,http://yubio.dk/booklinks.html?id=409
30.D3,https://youtu.be/3Ot18cFxa3k,http://yubio.dk/booklinks.html?id=410
30.D4,https://youtu.be/xIiYCfPnwPw,http://yubio.dk/booklinks.html?id=411
30.D5,https://youtu.be/xkU65Gwy5mc,http://yubio.dk/booklinks.html?id=412
30.E1,https://youtu.be/n-VstOzqEAU,http://yubio.dk/booklinks.html?id=413
30.E2,https://youtu.be/mSbXtSSw_xQ,http://yubio.dk/booklinks.html?id=414
30.F1,https://youtu.be/Kzpx5FnjQrM,http://yubio.dk/booklinks.html?id=415
30.F2,https://youtu.be/2ZBY3RVmA3E,http://yubio.dk/booklinks.html?id=416
30.F3,https://youtu.be/PGxCec7zEpw,http://yubio.dk/booklinks.html?id=417
30.F4,https://youtu.be/rPQhKHAYJ2U,http://yubio.dk/booklinks.html?id=418
30.F5,https://youtu.be/CKXziyYgApo,http://yubio.dk/booklinks.html?id=419
31.A1,https://youtu.be/vqbLYgCzzn8,http://yubio.dk/booklinks.html?id=420
31.A2,https://youtu.be/6gKLUFpQnoI,http://yubio.dk/booklinks.html?id=421
31.A3,https://youtu.be/u_MDv-4rWuw,http://yubio.dk/booklinks.html?id=422
31.A4,https://youtu.be/eChL9XOQU0g,http://yubio.dk/booklinks.html?id=423
31.A5,https://youtu.be/krMJCDY1OIA,http://yubio.dk/booklinks.html?id=424
31.B1,https://youtu.be/lI7TkHU3Ozc,http://yubio.dk/booklinks.html?id=425
31.B2,https://youtu.be/0MwhNlf0Aa8,http://yubio.dk/booklinks.html?id=426
31.B3,https://youtu.be/vzgW0QIFIgw,http://yubio.dk/booklinks.html?id=427
32.A1a,https://youtu.be/M1TirmZOaVc,http://yubio.dk/booklinks.html?id=428
32.A1b,https://youtu.be/oE0T_o_44RY,http://yubio.dk/booklinks.html?id=429
32.A2a,https://youtu.be/vz0b6u7b9cA,http://yubio.dk/booklinks.html?id=430
32.A2b,https://youtu.be/u21D9UXiTiA,http://yubio.dk/booklinks.html?id=431
32.A3,https://youtu.be/j9euAHdxZk4,http://yubio.dk/booklinks.html?id=432
32.A4,https://youtu.be/nZsMtAr3s7A,http://yubio.dk/booklinks.html?id=433
32.A5,https://youtu.be/ak2z5rwX484,http://yubio.dk/booklinks.html?id=434
32.A6,https://youtu.be/I-oC7kQIxSA,http://yubio.dk/booklinks.html?id=435
32.A7,https://youtu.be/OphrBerDuzY,http://yubio.dk/booklinks.html?id=436
32.A8,https://youtu.be/W7n-l-TQwAA,http://yubio.dk/booklinks.html?id=437
32.A9,https://youtu.be/iHDOihOXssk,http://yubio.dk/booklinks.html?id=438
32.A10a,https://youtu.be/XXshr3mJa6Y,http://yubio.dk/booklinks.html?id=439
32.A10b,https://youtu.be/xNSnvAbQYiw,http://yubio.dk/booklinks.html?id=440
32.A11,https://youtu.be/OfIRERJUO7A,http://yubio.dk/booklinks.html?id=441
32.B1,https://youtu.be/TikGWeSrdjc,http://yubio.dk/booklinks.html?id=442
32.B2,https://youtu.be/ahwD_OiG8Mk,http://yubio.dk/booklinks.html?id=443
32.B3a,https://youtu.be/1kauZ1CsCL0,http://yubio.dk/booklinks.html?id=444
32.B3b,https://youtu.be/QJUFOLNy3pM,http://yubio.dk/booklinks.html?id=445
32.B4,https://youtu.be/5x06x8hoYPI,http://yubio.dk/booklinks.html?id=446
32.B5,https://youtu.be/kvwZPbKyJjE,http://yubio.dk/booklinks.html?id=447
32.B6,https://youtu.be/LRXJQtJUC3Y,http://yubio.dk/booklinks.html?id=448
32.B7,https://youtu.be/7pwW911vdNc,http://yubio.dk/booklinks.html?id=449
32.B8,https://youtu.be/z6cxIQq48og,http://yubio.dk/booklinks.html?id=450
32.B9a,https://youtu.be/lLFFC_EGEyY,http://yubio.dk/booklinks.html?id=451
32.B9b,https://youtu.be/qeUv4AWqbo8,http://yubio.dk/booklinks.html?id=452
32.B10,https://youtu.be/-vTx2zI2RxQ,http://yubio.dk/booklinks.html?id=453
32.B11,https://youtu.be/HOZUvR_hnhA,http://yubio.dk/booklinks.html?id=454
32.C1a,https://youtu.be/6XSdShqeLZ8,http://yubio.dk/booklinks.html?id=455
32.C1b,https://youtu.be/YNZxVGGp25Y,http://yubio.dk/booklinks.html?id=456
32.C2,https://youtu.be/p6Jmw5nMDCE,http://yubio.dk/booklinks.html?id=457
32.C3,https://youtu.be/AkfyApLnZOE,http://yubio.dk/booklinks.html?id=458
32.C4,https://youtu.be/wCi89inseG4,http://yubio.dk/booklinks.html?id=459
32.C5,https://youtu.be/gU-cdFburz0,http://yubio.dk/booklinks.html?id=460
32.C6,https://youtu.be/StnHVdBBfAI,http://yubio.dk/booklinks.html?id=461
32.C7,https://youtu.be/dygZ7o8ao5w,http://yubio.dk/booklinks.html?id=462
32.C8,https://youtu.be/xBkGZi-wXZ0,http://yubio.dk/booklinks.html?id=463
32.C9,https://youtu.be/PCi59llO7Us,http://yubio.dk/booklinks.html?id=464
32.C10,https://youtu.be/oEguAjbgsuc,http://yubio.dk/booklinks.html?id=465
32.C11,https://youtu.be/SUbPJxgqOKg,http://yubio.dk/booklinks.html?id=466
32.D1,https://youtu.be/hHCoLYkqq6M,http://yubio.dk/booklinks.html?id=467
32.D2,https://youtu.be/--gZfF0nnnw,http://yubio.dk/booklinks.html?id=468
32.D3,https://youtu.be/NeLSxzp8J_s,http://yubio.dk/booklinks.html?id=469
32.D4,https://youtu.be/P4eGD1L8YnI,http://yubio.dk/booklinks.html?id=470
32.D5,https://youtu.be/wCX3SoZwHaw,http://yubio.dk/booklinks.html?id=471
32.D6,https://youtu.be/dS6mhrlbNHs,http://yubio.dk/booklinks.html?id=472
32.D7,https://youtu.be/ie1izor_FX4,http://yubio.dk/booklinks.html?id=473
32.D8,https://youtu.be/jcJXOJ51Mtk,http://yubio.dk/booklinks.html?id=474
32.D9,https://youtu.be/9aBNapW-vIs,http://yubio.dk/booklinks.html?id=475
32.D10,https://youtu.be/NXrGyHrWwmo,http://yubio.dk/booklinks.html?id=476
32.D11,https://youtu.be/oxkTujm05kw,http://yubio.dk/booklinks.html?id=477
33.A1,https://youtu.be/y_oMs8w5aWM,http://yubio.dk/booklinks.html?id=478
33.A2,https://youtu.be/J7RynqvN7pE,http://yubio.dk/booklinks.html?id=479
33.A3,https://youtu.be/xCttcmo3xrI,http://yubio.dk/booklinks.html?id=480
33.A4,https://youtu.be/g3sCr0-rl0w,http://yubio.dk/booklinks.html?id=481
33.A5,https://youtu.be/Lgm7Q0-SEnc,http://yubio.dk/booklinks.html?id=482
33.B1,https://youtu.be/mv0ZPYq7yzM,http://yubio.dk/booklinks.html?id=483
33.B2,https://youtu.be/cmyOkDWPdMA,http://yubio.dk/booklinks.html?id=484
33.C1,https://youtu.be/1Atg5CTmye4,http://yubio.dk/booklinks.html?id=485
33.C2,https://youtu.be/OP42h7rMYP8,http://yubio.dk/booklinks.html?id=486
33.C3,https://youtu.be/zgctDVsveD4,http://yubio.dk/booklinks.html?id=487
33.C4,https://youtu.be/vffBoM4c1S0,http://yubio.dk/booklinks.html?id=488
33.C5,https://youtu.be/W45Yp87jEZk,http://yubio.dk/booklinks.html?id=489
33.D1,https://youtu.be/ZMJxyy6kBOY,http://yubio.dk/booklinks.html?id=490
33.D2,https://youtu.be/TkZZzcdUu5M,http://yubio.dk/booklinks.html?id=491
33.D3,https://youtu.be/wxtS7ztmGqo,http://yubio.dk/booklinks.html?id=492
33.D4,https://youtu.be/W1lTV2JMDs8,http://yubio.dk/booklinks.html?id=493
33.E1,https://youtu.be/6YOotvsnztA,http://yubio.dk/booklinks.html?id=494
33.E2,https://youtu.be/6YOotvsnztA,http://yubio.dk/booklinks.html?id=495
33.E3,https://youtu.be/ilXM8rCufSg,http://yubio.dk/booklinks.html?id=496
34.A1,https://youtu.be/FvUnrm6W9bA,http://yubio.dk/booklinks.html?id=497
34.A2,https://youtu.be/Id83s43YpTM,http://yubio.dk/booklinks.html?id=498
34.A3,https://youtu.be/TqWkT7-A3YE,http://yubio.dk/booklinks.html?id=499
34.B1,https://youtu.be/eHoQ_C7VIss,http://yubio.dk/booklinks.html?id=500
34.B2,https://youtu.be/WBdgUOFho-w,http://yubio.dk/booklinks.html?id=501
34.B3,https://youtu.be/TlGaeSPokJo,http://yubio.dk/booklinks.html?id=502
34.C1,https://youtu.be/UKgjX2Ip6kY,http://yubio.dk/booklinks.html?id=503
34.C2,https://youtu.be/WE1I_msO7GE,http://yubio.dk/booklinks.html?id=504
34.C3,https://youtu.be/t6ifKHU14Vk,http://yubio.dk/booklinks.html?id=505
34.C4,https://youtu.be/lXEFYnoOdC8,http://yubio.dk/booklinks.html?id=506
34.C5,https://youtu.be/YnGdyFvzgrA,http://yubio.dk/booklinks.html?id=507
35.B1,https://youtu.be/W9MkH-c-NOI,http://yubio.dk/booklinks.html?id=508
35.B2,https://youtu.be/aFRJ-iRNz-Y,http://yubio.dk/booklinks.html?id=509
35.B3,https://youtu.be/6haDMe0c11g,http://yubio.dk/booklinks.html?id=510
35.B4,https://youtu.be/BhpRh7_urs0,http://yubio.dk/booklinks.html?id=511
35.B5,https://youtu.be/hrqCgD25u8s,http://yubio.dk/booklinks.html?id=512
35.B6,https://youtu.be/CnOULixrA8Y,http://yubio.dk/booklinks.html?id=513
35.B7,https://youtu.be/3xSXh97QAAM,http://yubio.dk/booklinks.html?id=514
35.B8,https://youtu.be/Lgj6UTe3T7M,http://yubio.dk/booklinks.html?id=515
35.B9,https://youtu.be/cfbtTpCTqMg,http://yubio.dk/booklinks.html?id=516
35.B10,https://youtu.be/AQK2erh0cgQ,http://yubio.dk/booklinks.html?id=517
35.B11,https://youtu.be/6SnMAv2i_mU,http://yubio.dk/booklinks.html?id=518
35.B12,https://youtu.be/m1Yrt_rNn9g,http://yubio.dk/booklinks.html?id=519
35.B13,https://youtu.be/j0lB0K87Lg0,http://yubio.dk/booklinks.html?id=520
36.A1,https://youtu.be/ZOz9pavhX2I,http://yubio.dk/booklinks.html?id=521
36.A2,https://youtu.be/a_9gvA6FuHY,http://yubio.dk/booklinks.html?id=522
36.A3,https://youtu.be/M3fzlI5UTeQ,http://yubio.dk/booklinks.html?id=523
36.A4,https://youtu.be/4sLRmnx8l6M,http://yubio.dk/booklinks.html?id=524
36.A5,https://youtu.be/Vgm2Ywibzu0,http://yubio.dk/booklinks.html?id=525
36.B1,https://youtu.be/jTpQz89m3WY,http://yubio.dk/booklinks.html?id=526
36.B2,https://youtu.be/g1pm8v60SW8,http://yubio.dk/booklinks.html?id=527
36.B3,https://youtu.be/alJA1toq32U,http://yubio.dk/booklinks.html?id=528
36.B4,https://youtu.be/Y5GY_VXdl2I,http://yubio.dk/booklinks.html?id=529
36.B5,https://youtu.be/vbvRKgrmHLU,http://yubio.dk/booklinks.html?id=530
36.B6,https://youtu.be/n1jpJfemd8c,http://yubio.dk/booklinks.html?id=531
36.B7,https://youtu.be/_RNAF6rxe6M,http://yubio.dk/booklinks.html?id=532
36.B8,https://youtu.be/jMVYZV1SGKA,http://yubio.dk/booklinks.html?id=533
36.B9,https://youtu.be/S5Tx29aW1F8,http://yubio.dk/booklinks.html?id=534
36.B10,https://youtu.be/M8yzU8bt02c,http://yubio.dk/booklinks.html?id=535
36.B11,https://youtu.be/3r2Sim-B50w,http://yubio.dk/booklinks.html?id=536
36.C1,https://youtu.be/U1bR85UW688,http://yubio.dk/booklinks.html?id=537
36.C2,https://youtu.be/xqeAuXCIt1g,http://yubio.dk/booklinks.html?id=538
36.C3,https://youtu.be/6CxYfqWBGn0,http://yubio.dk/booklinks.html?id=539
36.C4,https://youtu.be/PFyP3eQQvDE,http://yubio.dk/booklinks.html?id=540
36.D1,https://youtu.be/339C6PjpDKE,http://yubio.dk/booklinks.html?id=541
36.D2,https://youtu.be/PBv_J8yQAp4,http://yubio.dk/booklinks.html?id=542
